province,period,tl_m2
Adana,2013-01-01,1136.0
Adana,2013-04-01,1179.0
Adana,2013-07-01,1188.0
Adana,2013-10-01,1250.0
Adana,2014-01-01,1376.5
Adana,2014-04-01,1406.9
Adana,2014-07-01,1470.2
Adana,2014-10-01,1564.7
Adana,2015-01-01,1593.5
Adana,2015-04-01,1661.3
Adana,2015-07-01,1700.0
Adana,2015-10-01,1805.6
Adana,2016-01-01,1776.4
Adana,2016-04-01,1860.3
Adana,2016-07-01,1947.8
Adana,2016-10-01,1970.8
Adana,2017-01-01,2078.7
Adana,2017-04-01,2090.7
Adana,2017-07-01,2142.7
Adana,2017-10-01,2165.7
Adana,2018-01-01,2184.6
Adana,2018-04-01,2255.9
Adana,2018-07-01,2240.2
Adana,2018-10-01,2226.7
Adana,2019-01-01,2210.0
Adana,2019-04-01,2196.1
Adana,2019-07-01,2321.5
Adana,2019-10-01,2368.8
Adana,2020-01-01,2528.9
Adana,2020-04-01,2734.5
Adana,2020-07-01,2904.3
Adana,2020-10-01,3036.5
Adana,2021-01-01,3248.1
Adana,2021-04-01,3427.9
Adana,2021-07-01,3846.5
Adana,2021-10-01,4615.8
Adana,2022-01-01,6423.4
Adana,2022-04-01,8590.9
Adana,2022-07-01,10874.1
Adana,2022-10-01,12733.6
Adana,2023-01-01,15197.5
Adana,2023-04-01,17987.1
Adana,2023-07-01,20091.8
Adana,2023-10-01,21658.5
Adana,2024-01-01,22067.9
Adana,2024-04-01,24906.3
Adana,2024-07-01,25291.7
Adana,2024-10-01,27568.1
Adana,2025-01-01,29769.0
Adana,2025-04-01,30582.1
Adana,2025-07-01,33877.6
Adana,2025-10-01,36682.3
Adana,2026-01-01,38368.8
Adana,2026-04-01,41051.3
Adıyaman,2013-01-01,749.0
Adıyaman,2013-04-01,777.0
Adıyaman,2013-07-01,775.0
Adıyaman,2013-10-01,816.0
Adıyaman,2014-01-01,872.0
Adıyaman,2014-04-01,902.0
Adıyaman,2014-07-01,929.0
Adıyaman,2014-10-01,944.0
Adıyaman,2015-01-01,1000.0
Adıyaman,2015-04-01,1077.0
Adıyaman,2015-07-01,1000.0
Adıyaman,2015-10-01,1118.5
Adıyaman,2016-01-01,1131.0
Adıyaman,2016-04-01,1178.5
Adıyaman,2016-07-01,1200.0
Adıyaman,2016-10-01,1250.0
Adıyaman,2017-01-01,1250.0
Adıyaman,2017-04-01,1289.0
Adıyaman,2017-07-01,1287.0
Adıyaman,2017-10-01,1301.0
Adıyaman,2018-01-01,1351.0
Adıyaman,2018-04-01,1404.0
Adıyaman,2018-07-01,1517.0
Adıyaman,2018-10-01,1433.0
Adıyaman,2019-01-01,1553.0
Adıyaman,2019-04-01,1548.0
Adıyaman,2019-07-01,1618.5
Adıyaman,2019-10-01,1636.0
Adıyaman,2020-01-01,1687.0
Adıyaman,2020-04-01,1887.0
Adıyaman,2020-07-01,2000.0
Adıyaman,2020-10-01,2038.0
Adıyaman,2021-01-01,2429.0
Adıyaman,2021-04-01,2628.5
Adıyaman,2021-07-01,2857.0
Adıyaman,2021-10-01,3320.0
Adıyaman,2022-01-01,4305.0
Adıyaman,2022-04-01,5460.0
Adıyaman,2022-07-01,6993.0
Adıyaman,2022-10-01,8475.0
Adıyaman,2023-01-01,8795.0
Adıyaman,2023-04-01,10000.0
Adıyaman,2023-07-01,12879.0
Adıyaman,2023-10-01,14706.0
Adıyaman,2024-01-01,13533.5
Adıyaman,2024-04-01,17037.0
Adıyaman,2024-07-01,16429.0
Adıyaman,2024-10-01,17569.0
Adıyaman,2025-01-01,19444.0
Adıyaman,2025-04-01,19608.0
Adıyaman,2025-07-01,20000.0
Adıyaman,2025-10-01,22293.0
Adıyaman,2026-01-01,22743.0
Adıyaman,2026-04-01,25000.0
Afyonkarahisar,2013-01-01,1034.0
Afyonkarahisar,2013-04-01,1042.0
Afyonkarahisar,2013-07-01,1111.0
Afyonkarahisar,2013-10-01,1027.0
Afyonkarahisar,2014-01-01,1099.0
Afyonkarahisar,2014-04-01,1096.0
Afyonkarahisar,2014-07-01,1119.0
Afyonkarahisar,2014-10-01,1182.0
Afyonkarahisar,2015-01-01,1214.0
Afyonkarahisar,2015-04-01,1239.0
Afyonkarahisar,2015-07-01,1328.5
Afyonkarahisar,2015-10-01,1315.5
Afyonkarahisar,2016-01-01,1398.0
Afyonkarahisar,2016-04-01,1359.0
Afyonkarahisar,2016-07-01,1446.0
Afyonkarahisar,2016-10-01,1488.0
Afyonkarahisar,2017-01-01,1481.0
Afyonkarahisar,2017-04-01,1527.0
Afyonkarahisar,2017-07-01,1524.0
Afyonkarahisar,2017-10-01,1603.0
Afyonkarahisar,2018-01-01,1591.0
Afyonkarahisar,2018-04-01,1731.0
Afyonkarahisar,2018-07-01,1682.0
Afyonkarahisar,2018-10-01,1661.0
Afyonkarahisar,2019-01-01,1762.0
Afyonkarahisar,2019-04-01,1726.0
Afyonkarahisar,2019-07-01,1907.0
Afyonkarahisar,2019-10-01,1875.0
Afyonkarahisar,2020-01-01,2000.0
Afyonkarahisar,2020-04-01,2188.0
Afyonkarahisar,2020-07-01,2222.0
Afyonkarahisar,2020-10-01,2328.0
Afyonkarahisar,2021-01-01,2368.0
Afyonkarahisar,2021-04-01,2625.5
Afyonkarahisar,2021-07-01,2872.0
Afyonkarahisar,2021-10-01,3294.5
Afyonkarahisar,2022-01-01,4101.0
Afyonkarahisar,2022-04-01,5814.0
Afyonkarahisar,2022-07-01,7443.0
Afyonkarahisar,2022-10-01,8661.0
Afyonkarahisar,2023-01-01,10909.0
Afyonkarahisar,2023-04-01,12381.0
Afyonkarahisar,2023-07-01,14700.0
Afyonkarahisar,2023-10-01,16800.0
Afyonkarahisar,2024-01-01,19718.0
Afyonkarahisar,2024-04-01,20710.5
Afyonkarahisar,2024-07-01,22002.5
Afyonkarahisar,2024-10-01,23256.0
Afyonkarahisar,2025-01-01,25058.0
Afyonkarahisar,2025-04-01,26937.5
Afyonkarahisar,2025-07-01,28740.5
Afyonkarahisar,2025-10-01,30874.0
Afyonkarahisar,2026-01-01,33333.0
Afyonkarahisar,2026-04-01,33636.0
Aksaray,2013-01-01,863.0
Aksaray,2013-04-01,882.0
Aksaray,2013-07-01,912.5
Aksaray,2013-10-01,903.0
Aksaray,2014-01-01,929.0
Aksaray,2014-04-01,924.0
Aksaray,2014-07-01,953.0
Aksaray,2014-10-01,1000.0
Aksaray,2015-01-01,1000.0
Aksaray,2015-04-01,1025.0
Aksaray,2015-07-01,1064.0
Aksaray,2015-10-01,1075.0
Aksaray,2016-01-01,1077.0
Aksaray,2016-04-01,1125.0
Aksaray,2016-07-01,1168.0
Aksaray,2016-10-01,1250.0
Aksaray,2017-01-01,1286.0
Aksaray,2017-04-01,1321.0
Aksaray,2017-07-01,1328.0
Aksaray,2017-10-01,1429.0
Aksaray,2018-01-01,1497.0
Aksaray,2018-04-01,1539.5
Aksaray,2018-07-01,1574.0
Aksaray,2018-10-01,1626.5
Aksaray,2019-01-01,1690.0
Aksaray,2019-04-01,1656.0
Aksaray,2019-07-01,1771.5
Aksaray,2019-10-01,1831.5
Aksaray,2020-01-01,1992.0
Aksaray,2020-04-01,2148.5
Aksaray,2020-07-01,2177.0
Aksaray,2020-10-01,2291.0
Aksaray,2021-01-01,2460.5
Aksaray,2021-04-01,2616.0
Aksaray,2021-07-01,2913.0
Aksaray,2021-10-01,3562.0
Aksaray,2022-01-01,4762.0
Aksaray,2022-04-01,6000.0
Aksaray,2022-07-01,7442.5
Aksaray,2022-10-01,8667.0
Aksaray,2023-01-01,10680.0
Aksaray,2023-04-01,12742.5
Aksaray,2023-07-01,15000.0
Aksaray,2023-10-01,16438.0
Aksaray,2024-01-01,16827.0
Aksaray,2024-04-01,19667.0
Aksaray,2024-07-01,19802.0
Aksaray,2024-10-01,21875.0
Aksaray,2025-01-01,24359.0
Aksaray,2025-04-01,25313.5
Aksaray,2025-07-01,27368.0
Aksaray,2025-10-01,29228.0
Aksaray,2026-01-01,32258.0
Aksaray,2026-04-01,34066.0
Amasya,2013-01-01,943.0
Amasya,2013-04-01,959.0
Amasya,2013-07-01,1000.0
Amasya,2013-10-01,1038.0
Amasya,2014-01-01,1022.0
Amasya,2014-04-01,1027.0
Amasya,2014-07-01,1094.0
Amasya,2014-10-01,1091.0
Amasya,2015-01-01,1071.0
Amasya,2015-04-01,1065.0
Amasya,2015-07-01,1111.0
Amasya,2015-10-01,1214.0
Amasya,2016-01-01,1146.5
Amasya,2016-04-01,1177.5
Amasya,2016-07-01,1172.0
Amasya,2016-10-01,1222.0
Amasya,2017-01-01,1273.1
Amasya,2017-04-01,1377.7
Amasya,2017-07-01,1398.9
Amasya,2017-10-01,1464.2
Amasya,2018-01-01,1434.0
Amasya,2018-04-01,1546.8
Amasya,2018-07-01,1571.4
Amasya,2018-10-01,1528.5
Amasya,2019-01-01,1606.7
Amasya,2019-04-01,1652.4
Amasya,2019-07-01,1779.5
Amasya,2019-10-01,1763.3
Amasya,2020-01-01,2008.3
Amasya,2020-04-01,2200.7
Amasya,2020-07-01,2318.3
Amasya,2020-10-01,2438.5
Amasya,2021-01-01,2668.5
Amasya,2021-04-01,2807.7
Amasya,2021-07-01,3168.4
Amasya,2021-10-01,3839.9
Amasya,2022-01-01,4685.1
Amasya,2022-04-01,6315.1
Amasya,2022-07-01,8180.9
Amasya,2022-10-01,9179.0
Amasya,2023-01-01,12264.7
Amasya,2023-04-01,13838.7
Amasya,2023-07-01,16558.2
Amasya,2023-10-01,21142.4
Amasya,2024-01-01,21056.8
Amasya,2024-04-01,23259.5
Amasya,2024-07-01,24479.9
Amasya,2024-10-01,25935.5
Amasya,2025-01-01,27674.3
Amasya,2025-04-01,29953.4
Amasya,2025-07-01,30209.7
Amasya,2025-10-01,31784.7
Amasya,2026-01-01,34167.5
Amasya,2026-04-01,36245.1
Ankara,2013-01-01,1184.9
Ankara,2013-04-01,1233.0
Ankara,2013-07-01,1258.3
Ankara,2013-10-01,1293.4
Ankara,2014-01-01,1335.7
Ankara,2014-04-01,1378.2
Ankara,2014-07-01,1418.0
Ankara,2014-10-01,1462.8
Ankara,2015-01-01,1496.6
Ankara,2015-04-01,1577.1
Ankara,2015-07-01,1634.3
Ankara,2015-10-01,1680.5
Ankara,2016-01-01,1698.6
Ankara,2016-04-01,1736.7
Ankara,2016-07-01,1750.6
Ankara,2016-10-01,1840.6
Ankara,2017-01-01,1852.1
Ankara,2017-04-01,1897.5
Ankara,2017-07-01,1896.6
Ankara,2017-10-01,1952.5
Ankara,2018-01-01,1965.6
Ankara,2018-04-01,2024.5
Ankara,2018-07-01,2056.9
Ankara,2018-10-01,2118.1
Ankara,2019-01-01,2092.3
Ankara,2019-04-01,2104.3
Ankara,2019-07-01,2211.3
Ankara,2019-10-01,2241.7
Ankara,2020-01-01,2357.1
Ankara,2020-04-01,2569.2
Ankara,2020-07-01,2710.4
Ankara,2020-10-01,2977.1
Ankara,2021-01-01,3018.3
Ankara,2021-04-01,3345.3
Ankara,2021-07-01,3561.8
Ankara,2021-10-01,4268.9
Ankara,2022-01-01,6280.5
Ankara,2022-04-01,8495.0
Ankara,2022-07-01,10861.9
Ankara,2022-10-01,12562.5
Ankara,2023-01-01,15125.2
Ankara,2023-04-01,17786.7
Ankara,2023-07-01,21128.2
Ankara,2023-10-01,23466.4
Ankara,2024-01-01,24818.1
Ankara,2024-04-01,26718.5
Ankara,2024-07-01,27996.0
Ankara,2024-10-01,29763.8
Ankara,2025-01-01,33273.9
Ankara,2025-04-01,35689.9
Ankara,2025-07-01,38562.4
Ankara,2025-10-01,41280.9
Ankara,2026-01-01,44035.5
Ankara,2026-04-01,47276.4
Antalya,2013-01-01,1166.2
Antalya,2013-04-01,1211.7
Antalya,2013-07-01,1266.4
Antalya,2013-10-01,1286.1
Antalya,2014-01-01,1327.3
Antalya,2014-04-01,1412.0
Antalya,2014-07-01,1465.3
Antalya,2014-10-01,1510.6
Antalya,2015-01-01,1578.3
Antalya,2015-04-01,1689.5
Antalya,2015-07-01,1791.8
Antalya,2015-10-01,1847.9
Antalya,2016-01-01,1881.4
Antalya,2016-04-01,1932.2
Antalya,2016-07-01,1982.2
Antalya,2016-10-01,2015.9
Antalya,2017-01-01,2039.8
Antalya,2017-04-01,2140.3
Antalya,2017-07-01,2177.8
Antalya,2017-10-01,2221.1
Antalya,2018-01-01,2246.7
Antalya,2018-04-01,2353.1
Antalya,2018-07-01,2413.1
Antalya,2018-10-01,2524.0
Antalya,2019-01-01,2480.0
Antalya,2019-04-01,2569.9
Antalya,2019-07-01,2666.2
Antalya,2019-10-01,2760.5
Antalya,2020-01-01,3021.3
Antalya,2020-04-01,3450.6
Antalya,2020-07-01,3719.1
Antalya,2020-10-01,4064.0
Antalya,2021-01-01,4280.4
Antalya,2021-04-01,4880.5
Antalya,2021-07-01,5347.6
Antalya,2021-10-01,6492.4
Antalya,2022-01-01,9393.1
Antalya,2022-04-01,14116.3
Antalya,2022-07-01,18214.3
Antalya,2022-10-01,21206.2
Antalya,2023-01-01,25495.4
Antalya,2023-04-01,29584.6
Antalya,2023-07-01,34743.3
Antalya,2023-10-01,36687.4
Antalya,2024-01-01,36581.6
Antalya,2024-04-01,37757.0
Antalya,2024-07-01,39069.2
Antalya,2024-10-01,39908.2
Antalya,2025-01-01,43330.9
Antalya,2025-04-01,46395.1
Antalya,2025-07-01,48203.5
Antalya,2025-10-01,50363.0
Antalya,2026-01-01,54442.9
Antalya,2026-04-01,57750.5
Artvin,2013-01-01,943.5
Artvin,2013-04-01,1028.0
Artvin,2013-07-01,996.0
Artvin,2013-10-01,1000.0
Artvin,2014-01-01,1035.0
Artvin,2014-04-01,1010.0
Artvin,2014-07-01,1061.0
Artvin,2014-10-01,1085.0
Artvin,2015-01-01,1158.5
Artvin,2015-04-01,1133.0
Artvin,2015-07-01,1129.0
Artvin,2015-10-01,1189.0
Artvin,2016-01-01,1196.5
Artvin,2016-04-01,1169.0
Artvin,2016-07-01,1288.5
Artvin,2016-10-01,1217.0
Artvin,2017-01-01,1241.0
Artvin,2017-04-01,1314.0
Artvin,2017-07-01,1342.0
Artvin,2017-10-01,1337.0
Artvin,2018-01-01,1369.0
Artvin,2018-04-01,1409.5
Artvin,2018-07-01,1512.0
Artvin,2018-10-01,1457.0
Artvin,2019-01-01,1512.5
Artvin,2019-04-01,1565.5
Artvin,2019-07-01,1691.0
Artvin,2019-10-01,1750.0
Artvin,2020-01-01,1894.0
Artvin,2020-04-01,2150.0
Artvin,2020-07-01,2211.0
Artvin,2020-10-01,2256.5
Artvin,2021-01-01,2330.0
Artvin,2021-04-01,2610.0
Artvin,2021-07-01,2672.0
Artvin,2021-10-01,3294.0
Artvin,2022-01-01,4022.5
Artvin,2022-04-01,5474.0
Artvin,2022-07-01,6476.0
Artvin,2022-10-01,7129.0
Artvin,2023-01-01,9302.0
Artvin,2023-04-01,11282.0
Artvin,2023-07-01,14440.5
Artvin,2023-10-01,17742.0
Artvin,2024-01-01,18750.0
Artvin,2024-04-01,21645.5
Artvin,2024-07-01,22182.5
Artvin,2024-10-01,23337.0
Artvin,2025-01-01,24786.0
Artvin,2025-04-01,26071.0
Artvin,2025-07-01,27966.0
Artvin,2025-10-01,28490.0
Artvin,2026-01-01,30242.0
Artvin,2026-04-01,31724.0
Aydın,2013-01-01,945.3
Aydın,2013-04-01,963.1
Aydın,2013-07-01,990.8
Aydın,2013-10-01,991.5
Aydın,2014-01-01,1048.2
Aydın,2014-04-01,1067.5
Aydın,2014-07-01,1128.8
Aydın,2014-10-01,1119.0
Aydın,2015-01-01,1136.0
Aydın,2015-04-01,1263.1
Aydın,2015-07-01,1326.1
Aydın,2015-10-01,1414.0
Aydın,2016-01-01,1426.7
Aydın,2016-04-01,1539.5
Aydın,2016-07-01,1614.4
Aydın,2016-10-01,1645.8
Aydın,2017-01-01,1701.4
Aydın,2017-04-01,1818.1
Aydın,2017-07-01,1894.9
Aydın,2017-10-01,1967.5
Aydın,2018-01-01,1918.2
Aydın,2018-04-01,2075.2
Aydın,2018-07-01,2097.1
Aydın,2018-10-01,2202.6
Aydın,2019-01-01,2215.5
Aydın,2019-04-01,2203.4
Aydın,2019-07-01,2333.8
Aydın,2019-10-01,2331.9
Aydın,2020-01-01,2524.2
Aydın,2020-04-01,2843.9
Aydın,2020-07-01,2987.0
Aydın,2020-10-01,3244.8
Aydın,2021-01-01,3481.3
Aydın,2021-04-01,3842.2
Aydın,2021-07-01,4542.6
Aydın,2021-10-01,5229.9
Aydın,2022-01-01,7593.5
Aydın,2022-04-01,10272.4
Aydın,2022-07-01,13741.4
Aydın,2022-10-01,16359.5
Aydın,2023-01-01,19996.8
Aydın,2023-04-01,22685.4
Aydın,2023-07-01,26971.2
Aydın,2023-10-01,29330.3
Aydın,2024-01-01,30288.1
Aydın,2024-04-01,32796.5
Aydın,2024-07-01,35557.5
Aydın,2024-10-01,36202.3
Aydın,2025-01-01,39594.7
Aydın,2025-04-01,39279.4
Aydın,2025-07-01,43482.4
Aydın,2025-10-01,44305.6
Aydın,2026-01-01,46080.6
Aydın,2026-04-01,49976.4
Ağrı,2023-01-01,5690.0
Ağrı,2023-04-01,6250.0
Ağrı,2023-07-01,8929.0
Ağrı,2023-10-01,11988.0
Ağrı,2024-01-01,11647.0
Ağrı,2024-04-01,12295.0
Ağrı,2024-07-01,14815.0
Ağrı,2024-10-01,14951.0
Ağrı,2025-01-01,15842.0
Ağrı,2025-04-01,16611.5
Ağrı,2025-07-01,17442.5
Ağrı,2025-10-01,20205.0
Ağrı,2026-01-01,19935.0
Ağrı,2026-04-01,21949.0
Balıkesir,2013-01-01,1000.0
Balıkesir,2013-04-01,1027.0
Balıkesir,2013-07-01,1059.0
Balıkesir,2013-10-01,1049.0
Balıkesir,2014-01-01,1048.0
Balıkesir,2014-04-01,1106.0
Balıkesir,2014-07-01,1181.0
Balıkesir,2014-10-01,1211.0
Balıkesir,2015-01-01,1187.4
Balıkesir,2015-04-01,1305.9
Balıkesir,2015-07-01,1424.2
Balıkesir,2015-10-01,1359.5
Balıkesir,2016-01-01,1491.7
Balıkesir,2016-04-01,1541.2
Balıkesir,2016-07-01,1705.5
Balıkesir,2016-10-01,1702.4
Balıkesir,2017-01-01,1793.3
Balıkesir,2017-04-01,1914.0
Balıkesir,2017-07-01,1989.3
Balıkesir,2017-10-01,2038.6
Balıkesir,2018-01-01,2074.4
Balıkesir,2018-04-01,2252.2
Balıkesir,2018-07-01,2324.8
Balıkesir,2018-10-01,2309.8
Balıkesir,2019-01-01,2279.7
Balıkesir,2019-04-01,2329.8
Balıkesir,2019-07-01,2513.1
Balıkesir,2019-10-01,2578.7
Balıkesir,2020-01-01,2661.3
Balıkesir,2020-04-01,2978.7
Balıkesir,2020-07-01,3090.0
Balıkesir,2020-10-01,3248.3
Balıkesir,2021-01-01,3430.4
Balıkesir,2021-04-01,4047.5
Balıkesir,2021-07-01,4387.7
Balıkesir,2021-10-01,5277.3
Balıkesir,2022-01-01,7014.3
Balıkesir,2022-04-01,9755.0
Balıkesir,2022-07-01,12053.6
Balıkesir,2022-10-01,13859.8
Balıkesir,2023-01-01,17819.7
Balıkesir,2023-04-01,20664.5
Balıkesir,2023-07-01,25180.7
Balıkesir,2023-10-01,27527.7
Balıkesir,2024-01-01,28498.7
Balıkesir,2024-04-01,30634.0
Balıkesir,2024-07-01,31628.4
Balıkesir,2024-10-01,34151.3
Balıkesir,2025-01-01,37232.5
Balıkesir,2025-04-01,38312.5
Balıkesir,2025-07-01,40995.4
Balıkesir,2025-10-01,42794.6
Balıkesir,2026-01-01,45903.7
Balıkesir,2026-04-01,49362.8
Bartın,2013-01-01,1050.5
Bartın,2013-04-01,1097.5
Bartın,2013-07-01,1132.0
Bartın,2013-10-01,1141.0
Bartın,2014-01-01,1202.0
Bartın,2014-04-01,1236.5
Bartın,2014-07-01,1263.0
Bartın,2014-10-01,1274.0
Bartın,2015-01-01,1420.5
Bartın,2015-04-01,1388.0
Bartın,2015-07-01,1422.0
Bartın,2015-10-01,1534.0
Bartın,2016-01-01,1489.5
Bartın,2016-04-01,1564.5
Bartın,2016-07-01,1667.0
Bartın,2016-10-01,1667.0
Bartın,2017-01-01,1667.0
Bartın,2017-04-01,1690.5
Bartın,2017-07-01,1797.0
Bartın,2017-10-01,1875.0
Bartın,2018-01-01,1901.0
Bartın,2018-04-01,2031.0
Bartın,2018-07-01,2051.0
Bartın,2018-10-01,2000.0
Bartın,2019-01-01,2073.0
Bartın,2019-04-01,2057.0
Bartın,2019-07-01,2334.5
Bartın,2019-10-01,2320.0
Bartın,2020-01-01,2375.0
Bartın,2020-04-01,2824.0
Bartın,2020-07-01,2985.0
Bartın,2020-10-01,3056.0
Bartın,2021-01-01,3146.0
Bartın,2021-04-01,3333.0
Bartın,2021-07-01,3896.0
Bartın,2021-10-01,4583.0
Bartın,2022-01-01,5936.0
Bartın,2022-04-01,7846.0
Bartın,2022-07-01,10000.0
Bartın,2022-10-01,12181.5
Bartın,2023-01-01,15000.0
Bartın,2023-04-01,18135.0
Bartın,2023-07-01,19839.0
Bartın,2023-10-01,24837.0
Bartın,2024-01-01,25786.0
Bartın,2024-04-01,26966.0
Bartın,2024-07-01,28767.0
Bartın,2024-10-01,30137.0
Bartın,2025-01-01,32609.0
Bartın,2025-04-01,33781.0
Bartın,2025-07-01,38397.5
Bartın,2025-10-01,40361.0
Bartın,2026-01-01,44540.0
Bartın,2026-04-01,45732.0
Batman,2014-01-01,920.0
Batman,2014-04-01,962.0
Batman,2014-07-01,1047.0
Batman,2014-10-01,1126.5
Batman,2015-01-01,1147.5
Batman,2015-04-01,1174.0
Batman,2015-07-01,1171.0
Batman,2015-10-01,1254.0
Batman,2016-01-01,1314.0
Batman,2016-04-01,1294.0
Batman,2016-07-01,1376.0
Batman,2016-10-01,1382.0
Batman,2017-01-01,1385.0
Batman,2017-04-01,1382.5
Batman,2017-07-01,1409.0
Batman,2017-10-01,1417.0
Batman,2018-01-01,1449.0
Batman,2018-04-01,1585.0
Batman,2018-07-01,1426.0
Batman,2018-10-01,1419.0
Batman,2019-01-01,1616.0
Batman,2019-04-01,1619.0
Batman,2019-07-01,1638.0
Batman,2019-10-01,1680.0
Batman,2020-01-01,1724.0
Batman,2020-04-01,2000.0
Batman,2020-07-01,2114.0
Batman,2020-10-01,2343.5
Batman,2021-01-01,2353.0
Batman,2021-04-01,2692.0
Batman,2021-07-01,2909.0
Batman,2021-10-01,3460.0
Batman,2022-01-01,4099.0
Batman,2022-04-01,5390.5
Batman,2022-07-01,6316.0
Batman,2022-10-01,7270.0
Batman,2023-01-01,8333.0
Batman,2023-04-01,10000.0
Batman,2023-07-01,11364.0
Batman,2023-10-01,12573.5
Batman,2024-01-01,14140.0
Batman,2024-04-01,15345.0
Batman,2024-07-01,16405.5
Batman,2024-10-01,17949.0
Batman,2025-01-01,19820.0
Batman,2025-04-01,22059.0
Batman,2025-07-01,23930.0
Batman,2025-10-01,26000.0
Batman,2026-01-01,26836.5
Batman,2026-04-01,27332.0
Bilecik,2013-01-01,861.0
Bilecik,2013-04-01,900.0
Bilecik,2013-07-01,904.0
Bilecik,2013-10-01,929.0
Bilecik,2014-01-01,957.0
Bilecik,2014-04-01,928.0
Bilecik,2014-07-01,986.0
Bilecik,2014-10-01,1008.0
Bilecik,2015-01-01,1008.5
Bilecik,2015-04-01,1029.0
Bilecik,2015-07-01,1076.0
Bilecik,2015-10-01,1094.0
Bilecik,2016-01-01,1082.0
Bilecik,2016-04-01,1111.0
Bilecik,2016-07-01,1151.0
Bilecik,2016-10-01,1157.0
Bilecik,2017-01-01,1202.0
Bilecik,2017-04-01,1265.7
Bilecik,2017-07-01,1286.4
Bilecik,2017-10-01,1333.9
Bilecik,2018-01-01,1422.9
Bilecik,2018-04-01,1421.0
Bilecik,2018-07-01,1481.0
Bilecik,2018-10-01,1550.2
Bilecik,2019-01-01,1529.0
Bilecik,2019-04-01,1467.0
Bilecik,2019-07-01,1632.0
Bilecik,2019-10-01,1654.5
Bilecik,2020-01-01,1799.0
Bilecik,2020-04-01,1932.0
Bilecik,2020-07-01,2000.0
Bilecik,2020-10-01,2047.0
Bilecik,2021-01-01,2189.0
Bilecik,2021-04-01,2466.0
Bilecik,2021-07-01,2670.0
Bilecik,2021-10-01,3178.5
Bilecik,2022-01-01,3892.0
Bilecik,2022-04-01,5224.0
Bilecik,2022-07-01,6911.0
Bilecik,2022-10-01,8049.0
Bilecik,2023-01-01,9810.0
Bilecik,2023-04-01,12500.0
Bilecik,2023-07-01,14437.0
Bilecik,2023-10-01,16667.0
Bilecik,2024-01-01,19697.0
Bilecik,2024-04-01,20978.0
Bilecik,2024-07-01,22176.5
Bilecik,2024-10-01,23464.5
Bilecik,2025-01-01,25000.0
Bilecik,2025-04-01,26667.0
Bilecik,2025-07-01,28843.5
Bilecik,2025-10-01,31069.0
Bilecik,2026-01-01,32500.0
Bilecik,2026-04-01,34538.0
Bingöl,2014-01-01,925.0
Bingöl,2014-04-01,887.0
Bingöl,2014-07-01,915.0
Bingöl,2014-10-01,961.0
Bingöl,2015-01-01,966.0
Bingöl,2015-04-01,977.0
Bingöl,2015-07-01,917.0
Bingöl,2015-10-01,943.0
Bingöl,2016-01-01,966.0
Bingöl,2016-04-01,943.0
Bingöl,2016-07-01,979.5
Bingöl,2016-10-01,994.0
Bingöl,2017-01-01,1000.0
Bingöl,2017-04-01,1034.0
Bingöl,2017-07-01,1000.0
Bingöl,2017-10-01,1032.0
Bingöl,2018-01-01,1093.5
Bingöl,2018-04-01,1124.0
Bingöl,2018-07-01,1107.0
Bingöl,2018-10-01,1157.0
Bingöl,2019-01-01,1221.0
Bingöl,2019-04-01,1250.0
Bingöl,2019-07-01,1250.0
Bingöl,2019-10-01,1308.0
Bingöl,2020-01-01,1418.0
Bingöl,2020-04-01,1600.0
Bingöl,2020-07-01,1620.5
Bingöl,2020-10-01,1889.0
Bingöl,2021-01-01,2066.5
Bingöl,2021-04-01,2214.5
Bingöl,2021-07-01,2378.0
Bingöl,2021-10-01,2673.0
Bingöl,2022-01-01,3289.0
Bingöl,2022-04-01,4545.0
Bingöl,2022-07-01,5215.0
Bingöl,2022-10-01,6477.0
Bingöl,2023-01-01,7022.0
Bingöl,2023-04-01,8511.0
Bingöl,2023-07-01,10112.0
Bingöl,2023-10-01,10867.0
Bingöl,2024-01-01,11814.0
Bingöl,2024-04-01,14519.0
Bingöl,2024-07-01,14463.0
Bingöl,2024-10-01,18185.0
Bingöl,2025-01-01,21259.5
Bingöl,2025-04-01,23077.0
Bingöl,2025-07-01,23622.0
Bingöl,2025-10-01,24898.0
Bingöl,2026-01-01,28655.5
Bingöl,2026-04-01,33333.0
Bitlis,2023-01-01,6769.0
Bitlis,2023-04-01,7285.0
Bitlis,2023-07-01,9310.0
Bitlis,2023-10-01,11726.0
Bitlis,2024-01-01,12245.0
Bitlis,2024-04-01,13489.0
Bitlis,2024-07-01,16393.0
Bitlis,2024-10-01,17433.5
Bitlis,2025-01-01,19802.0
Bitlis,2025-04-01,20000.0
Bitlis,2025-07-01,22800.0
Bitlis,2025-10-01,23298.0
Bitlis,2026-01-01,25000.0
Bitlis,2026-04-01,25873.0
Bolu,2013-01-01,1000.0
Bolu,2013-04-01,1000.0
Bolu,2013-07-01,1000.0
Bolu,2013-10-01,1050.0
Bolu,2014-01-01,1056.0
Bolu,2014-04-01,1105.5
Bolu,2014-07-01,1148.0
Bolu,2014-10-01,1167.0
Bolu,2015-01-01,1177.5
Bolu,2015-04-01,1212.0
Bolu,2015-07-01,1268.5
Bolu,2015-10-01,1322.0
Bolu,2016-01-01,1328.0
Bolu,2016-04-01,1386.0
Bolu,2016-07-01,1420.0
Bolu,2016-10-01,1444.0
Bolu,2017-01-01,1512.0
Bolu,2017-04-01,1538.0
Bolu,2017-07-01,1583.0
Bolu,2017-10-01,1742.0
Bolu,2018-01-01,1709.5
Bolu,2018-04-01,1809.0
Bolu,2018-07-01,1786.0
Bolu,2018-10-01,1804.5
Bolu,2019-01-01,1833.0
Bolu,2019-04-01,1818.0
Bolu,2019-07-01,1939.0
Bolu,2019-10-01,1978.0
Bolu,2020-01-01,2083.0
Bolu,2020-04-01,2278.0
Bolu,2020-07-01,2350.0
Bolu,2020-10-01,2538.0
Bolu,2021-01-01,2625.0
Bolu,2021-04-01,2857.0
Bolu,2021-07-01,3185.0
Bolu,2021-10-01,3763.0
Bolu,2022-01-01,4897.5
Bolu,2022-04-01,6425.5
Bolu,2022-07-01,8148.0
Bolu,2022-10-01,9330.0
Bolu,2023-01-01,11944.0
Bolu,2023-04-01,13797.0
Bolu,2023-07-01,16667.0
Bolu,2023-10-01,19512.0
Bolu,2024-01-01,21690.5
Bolu,2024-04-01,23256.0
Bolu,2024-07-01,24479.0
Bolu,2024-10-01,26667.0
Bolu,2025-01-01,28768.0
Bolu,2025-04-01,31235.0
Bolu,2025-07-01,34884.0
Bolu,2025-10-01,37500.0
Bolu,2026-01-01,40323.0
Bolu,2026-04-01,44355.0
Burdur,2013-01-01,902.0
Burdur,2013-04-01,923.0
Burdur,2013-07-01,937.5
Burdur,2013-10-01,991.5
Burdur,2014-01-01,1019.0
Burdur,2014-04-01,1058.5
Burdur,2014-07-01,1069.0
Burdur,2014-10-01,1096.0
Burdur,2015-01-01,1113.0
Burdur,2015-04-01,1171.0
Burdur,2015-07-01,1272.0
Burdur,2015-10-01,1317.0
Burdur,2016-01-01,1344.5
Burdur,2016-04-01,1365.0
Burdur,2016-07-01,1450.0
Burdur,2016-10-01,1514.0
Burdur,2017-01-01,1549.0
Burdur,2017-04-01,1667.0
Burdur,2017-07-01,1750.0
Burdur,2017-10-01,1750.0
Burdur,2018-01-01,1818.0
Burdur,2018-04-01,1870.0
Burdur,2018-07-01,1911.0
Burdur,2018-10-01,2000.0
Burdur,2019-01-01,1945.5
Burdur,2019-04-01,1932.0
Burdur,2019-07-01,1972.0
Burdur,2019-10-01,2076.0
Burdur,2020-01-01,2179.0
Burdur,2020-04-01,2382.5
Burdur,2020-07-01,2411.5
Burdur,2020-10-01,2559.0
Burdur,2021-01-01,2571.0
Burdur,2021-04-01,2826.0
Burdur,2021-07-01,3115.0
Burdur,2021-10-01,3985.5
Burdur,2022-01-01,5072.0
Burdur,2022-04-01,6527.5
Burdur,2022-07-01,8559.5
Burdur,2022-10-01,9225.5
Burdur,2023-01-01,11532.0
Burdur,2023-04-01,14493.5
Burdur,2023-07-01,16667.0
Burdur,2023-10-01,19254.0
Burdur,2024-01-01,22283.0
Burdur,2024-04-01,22004.0
Burdur,2024-07-01,25526.5
Burdur,2024-10-01,26087.0
Burdur,2025-01-01,28125.0
Burdur,2025-04-01,30392.0
Burdur,2025-07-01,31469.0
Burdur,2025-10-01,30805.0
Burdur,2026-01-01,33962.0
Burdur,2026-04-01,35833.0
Bursa,2013-01-01,1064.5
Bursa,2013-04-01,1074.2
Bursa,2013-07-01,1102.7
Bursa,2013-10-01,1114.1
Bursa,2014-01-01,1130.9
Bursa,2014-04-01,1158.9
Bursa,2014-07-01,1203.6
Bursa,2014-10-01,1231.2
Bursa,2015-01-01,1271.6
Bursa,2015-04-01,1299.1
Bursa,2015-07-01,1352.1
Bursa,2015-10-01,1385.2
Bursa,2016-01-01,1427.2
Bursa,2016-04-01,1518.4
Bursa,2016-07-01,1590.9
Bursa,2016-10-01,1660.1
Bursa,2017-01-01,1773.1
Bursa,2017-04-01,1852.4
Bursa,2017-07-01,1958.2
Bursa,2017-10-01,1999.5
Bursa,2018-01-01,2058.2
Bursa,2018-04-01,2165.6
Bursa,2018-07-01,2175.1
Bursa,2018-10-01,2193.5
Bursa,2019-01-01,2210.2
Bursa,2019-04-01,2205.3
Bursa,2019-07-01,2298.5
Bursa,2019-10-01,2353.9
Bursa,2020-01-01,2510.3
Bursa,2020-04-01,2756.8
Bursa,2020-07-01,2868.7
Bursa,2020-10-01,2953.2
Bursa,2021-01-01,3231.5
Bursa,2021-04-01,3447.8
Bursa,2021-07-01,3764.5
Bursa,2021-10-01,4388.3
Bursa,2022-01-01,6025.5
Bursa,2022-04-01,8066.1
Bursa,2022-07-01,10131.7
Bursa,2022-10-01,11679.0
Bursa,2023-01-01,15149.3
Bursa,2023-04-01,17140.7
Bursa,2023-07-01,19718.2
Bursa,2023-10-01,22356.5
Bursa,2024-01-01,23835.1
Bursa,2024-04-01,26084.7
Bursa,2024-07-01,26296.0
Bursa,2024-10-01,28208.4
Bursa,2025-01-01,30265.1
Bursa,2025-04-01,32669.4
Bursa,2025-07-01,34477.6
Bursa,2025-10-01,36404.0
Bursa,2026-01-01,39326.6
Bursa,2026-04-01,41263.9
Denizli,2013-01-01,872.5
Denizli,2013-04-01,900.0
Denizli,2013-07-01,948.0
Denizli,2013-10-01,987.0
Denizli,2014-01-01,1032.5
Denizli,2014-04-01,1059.5
Denizli,2014-07-01,1121.0
Denizli,2014-10-01,1162.5
Denizli,2015-01-01,1263.5
Denizli,2015-04-01,1344.3
Denizli,2015-07-01,1362.8
Denizli,2015-10-01,1398.8
Denizli,2016-01-01,1455.6
Denizli,2016-04-01,1526.0
Denizli,2016-07-01,1667.0
Denizli,2016-10-01,1646.8
Denizli,2017-01-01,1695.8
Denizli,2017-04-01,1774.4
Denizli,2017-07-01,1899.4
Denizli,2017-10-01,1942.4
Denizli,2018-01-01,1969.0
Denizli,2018-04-01,2060.4
Denizli,2018-07-01,2191.4
Denizli,2018-10-01,2153.1
Denizli,2019-01-01,2044.7
Denizli,2019-04-01,2040.1
Denizli,2019-07-01,2177.7
Denizli,2019-10-01,2208.5
Denizli,2020-01-01,2327.3
Denizli,2020-04-01,2567.2
Denizli,2020-07-01,2693.6
Denizli,2020-10-01,2905.3
Denizli,2021-01-01,3121.5
Denizli,2021-04-01,3289.9
Denizli,2021-07-01,3459.4
Denizli,2021-10-01,4045.3
Denizli,2022-01-01,5332.7
Denizli,2022-04-01,7393.7
Denizli,2022-07-01,9357.4
Denizli,2022-10-01,10924.5
Denizli,2023-01-01,14777.6
Denizli,2023-04-01,17004.4
Denizli,2023-07-01,19050.6
Denizli,2023-10-01,21877.3
Denizli,2024-01-01,23176.8
Denizli,2024-04-01,24518.6
Denizli,2024-07-01,27119.9
Denizli,2024-10-01,28567.7
Denizli,2025-01-01,31467.9
Denizli,2025-04-01,32987.1
Denizli,2025-07-01,35773.3
Denizli,2025-10-01,37903.5
Denizli,2026-01-01,40428.5
Denizli,2026-04-01,42775.3
Diyarbakır,2013-01-01,920.0
Diyarbakır,2013-04-01,923.0
Diyarbakır,2013-07-01,933.0
Diyarbakır,2013-10-01,959.0
Diyarbakır,2014-01-01,969.9
Diyarbakır,2014-04-01,977.7
Diyarbakır,2014-07-01,992.8
Diyarbakır,2014-10-01,1016.8
Diyarbakır,2015-01-01,1044.5
Diyarbakır,2015-04-01,1049.7
Diyarbakır,2015-07-01,1069.6
Diyarbakır,2015-10-01,1105.5
Diyarbakır,2016-01-01,1113.0
Diyarbakır,2016-04-01,1107.8
Diyarbakır,2016-07-01,1129.4
Diyarbakır,2016-10-01,1157.6
Diyarbakır,2017-01-01,1178.1
Diyarbakır,2017-04-01,1190.3
Diyarbakır,2017-07-01,1198.1
Diyarbakır,2017-10-01,1242.4
Diyarbakır,2018-01-01,1278.4
Diyarbakır,2018-04-01,1331.8
Diyarbakır,2018-07-01,1331.6
Diyarbakır,2018-10-01,1419.0
Diyarbakır,2019-01-01,1412.8
Diyarbakır,2019-04-01,1464.4
Diyarbakır,2019-07-01,1495.7
Diyarbakır,2019-10-01,1558.5
Diyarbakır,2020-01-01,1668.2
Diyarbakır,2020-04-01,1799.0
Diyarbakır,2020-07-01,2006.0
Diyarbakır,2020-10-01,2216.3
Diyarbakır,2021-01-01,2363.7
Diyarbakır,2021-04-01,2597.6
Diyarbakır,2021-07-01,2937.8
Diyarbakır,2021-10-01,3726.8
Diyarbakır,2022-01-01,5071.0
Diyarbakır,2022-04-01,6718.1
Diyarbakır,2022-07-01,8212.5
Diyarbakır,2022-10-01,9247.3
Diyarbakır,2023-01-01,10649.9
Diyarbakır,2023-04-01,12016.0
Diyarbakır,2023-07-01,14030.4
Diyarbakır,2023-10-01,15658.3
Diyarbakır,2024-01-01,16579.5
Diyarbakır,2024-04-01,17552.4
Diyarbakır,2024-07-01,18816.2
Diyarbakır,2024-10-01,21533.6
Diyarbakır,2025-01-01,25308.9
Diyarbakır,2025-04-01,27692.4
Diyarbakır,2025-07-01,30301.6
Diyarbakır,2025-10-01,32989.3
Diyarbakır,2026-01-01,34276.9
Diyarbakır,2026-04-01,35135.3
Düzce,2013-01-01,995.5
Düzce,2013-04-01,1000.0
Düzce,2013-07-01,1048.0
Düzce,2013-10-01,1057.0
Düzce,2014-01-01,1111.0
Düzce,2014-04-01,1132.0
Düzce,2014-07-01,1170.0
Düzce,2014-10-01,1186.0
Düzce,2015-01-01,1211.0
Düzce,2015-04-01,1217.0
Düzce,2015-07-01,1273.0
Düzce,2015-10-01,1322.0
Düzce,2016-01-01,1279.0
Düzce,2016-04-01,1311.0
Düzce,2016-07-01,1354.0
Düzce,2016-10-01,1362.0
Düzce,2017-01-01,1417.0
Düzce,2017-04-01,1396.0
Düzce,2017-07-01,1455.0
Düzce,2017-10-01,1436.5
Düzce,2018-01-01,1458.0
Düzce,2018-04-01,1515.0
Düzce,2018-07-01,1524.0
Düzce,2018-10-01,1467.0
Düzce,2019-01-01,1582.0
Düzce,2019-04-01,1579.0
Düzce,2019-07-01,1632.0
Düzce,2019-10-01,1653.0
Düzce,2020-01-01,1786.0
Düzce,2020-04-01,2000.0
Düzce,2020-07-01,2063.0
Düzce,2020-10-01,2143.0
Düzce,2021-01-01,2222.0
Düzce,2021-04-01,2391.0
Düzce,2021-07-01,2841.0
Düzce,2021-10-01,3274.0
Düzce,2022-01-01,4368.5
Düzce,2022-04-01,6207.0
Düzce,2022-07-01,8152.0
Düzce,2022-10-01,9652.0
Düzce,2023-01-01,11475.0
Düzce,2023-04-01,13000.0
Düzce,2023-07-01,15122.0
Düzce,2023-10-01,16912.0
Düzce,2024-01-01,18446.5
Düzce,2024-04-01,20245.5
Düzce,2024-07-01,21382.5
Düzce,2024-10-01,22654.5
Düzce,2025-01-01,23853.0
Düzce,2025-04-01,25600.0
Düzce,2025-07-01,27273.0
Düzce,2025-10-01,28488.0
Düzce,2026-01-01,30488.0
Düzce,2026-04-01,32193.5
Edirne,2013-01-01,950.0
Edirne,2013-04-01,985.0
Edirne,2013-07-01,1016.0
Edirne,2013-10-01,990.0
Edirne,2014-01-01,1000.0
Edirne,2014-04-01,1009.0
Edirne,2014-07-01,1036.0
Edirne,2014-10-01,1038.0
Edirne,2015-01-01,1071.8
Edirne,2015-04-01,1076.3
Edirne,2015-07-01,1143.6
Edirne,2015-10-01,1146.8
Edirne,2016-01-01,1183.1
Edirne,2016-04-01,1315.8
Edirne,2016-07-01,1339.7
Edirne,2016-10-01,1331.4
Edirne,2017-01-01,1419.3
Edirne,2017-04-01,1503.9
Edirne,2017-07-01,1593.8
Edirne,2017-10-01,1699.8
Edirne,2018-01-01,1753.2
Edirne,2018-04-01,1880.1
Edirne,2018-07-01,2027.2
Edirne,2018-10-01,2344.1
Edirne,2019-01-01,2096.9
Edirne,2019-04-01,2166.2
Edirne,2019-07-01,2338.3
Edirne,2019-10-01,2481.4
Edirne,2020-01-01,2692.1
Edirne,2020-04-01,3026.9
Edirne,2020-07-01,3012.4
Edirne,2020-10-01,3038.9
Edirne,2021-01-01,3218.4
Edirne,2021-04-01,3477.9
Edirne,2021-07-01,3849.4
Edirne,2021-10-01,4803.3
Edirne,2022-01-01,5873.0
Edirne,2022-04-01,7580.4
Edirne,2022-07-01,9787.2
Edirne,2022-10-01,11949.4
Edirne,2023-01-01,15689.5
Edirne,2023-04-01,19316.6
Edirne,2023-07-01,21493.3
Edirne,2023-10-01,26493.7
Edirne,2024-01-01,26291.1
Edirne,2024-04-01,28178.3
Edirne,2024-07-01,31150.5
Edirne,2024-10-01,31871.6
Edirne,2025-01-01,34849.8
Edirne,2025-04-01,35302.8
Edirne,2025-07-01,39720.0
Edirne,2025-10-01,41324.7
Edirne,2026-01-01,41361.2
Edirne,2026-04-01,45338.1
Elazığ,2013-01-01,819.5
Elazığ,2013-04-01,848.0
Elazığ,2013-07-01,870.0
Elazığ,2013-10-01,897.0
Elazığ,2014-01-01,915.5
Elazığ,2014-04-01,887.5
Elazığ,2014-07-01,916.0
Elazığ,2014-10-01,938.0
Elazığ,2015-01-01,942.5
Elazığ,2015-04-01,948.0
Elazığ,2015-07-01,967.0
Elazığ,2015-10-01,1031.0
Elazığ,2016-01-01,1000.0
Elazığ,2016-04-01,1000.0
Elazığ,2016-07-01,1007.5
Elazığ,2016-10-01,1069.0
Elazığ,2017-01-01,1090.5
Elazığ,2017-04-01,1111.0
Elazığ,2017-07-01,1167.0
Elazığ,2017-10-01,1241.0
Elazığ,2018-01-01,1347.5
Elazığ,2018-04-01,1441.0
Elazığ,2018-07-01,1452.0
Elazığ,2018-10-01,1527.0
Elazığ,2019-01-01,1631.0
Elazığ,2019-04-01,1568.0
Elazığ,2019-07-01,1745.5
Elazığ,2019-10-01,1782.5
Elazığ,2020-01-01,2027.0
Elazığ,2020-04-01,2200.0
Elazığ,2020-07-01,2270.0
Elazığ,2020-10-01,2243.0
Elazığ,2021-01-01,2398.5
Elazığ,2021-04-01,2438.0
Elazığ,2021-07-01,2754.5
Elazığ,2021-10-01,3053.0
Elazığ,2022-01-01,3571.0
Elazığ,2022-04-01,4762.0
Elazığ,2022-07-01,5733.0
Elazığ,2022-10-01,6488.0
Elazığ,2023-01-01,8140.0
Elazığ,2023-04-01,8989.0
Elazığ,2023-07-01,10500.0
Elazığ,2023-10-01,12034.5
Elazığ,2024-01-01,14286.0
Elazığ,2024-04-01,14737.0
Elazığ,2024-07-01,17419.0
Elazığ,2024-10-01,18265.0
Elazığ,2025-01-01,20417.0
Elazığ,2025-04-01,21875.0
Elazığ,2025-07-01,22581.5
Elazığ,2025-10-01,26169.0
Elazığ,2026-01-01,28409.0
Elazığ,2026-04-01,27500.0
Erzincan,2014-01-01,1006.0
Erzincan,2014-04-01,1067.0
Erzincan,2014-07-01,1083.0
Erzincan,2014-10-01,1103.0
Erzincan,2015-01-01,1034.0
Erzincan,2015-04-01,1115.0
Erzincan,2015-07-01,1107.0
Erzincan,2015-10-01,1127.0
Erzincan,2016-01-01,1129.0
Erzincan,2016-04-01,1154.0
Erzincan,2016-07-01,1172.0
Erzincan,2016-10-01,1205.0
Erzincan,2017-01-01,1200.0
Erzincan,2017-04-01,1241.0
Erzincan,2017-07-01,1262.0
Erzincan,2017-10-01,1333.0
Erzincan,2018-01-01,1379.0
Erzincan,2018-04-01,1417.0
Erzincan,2018-07-01,1525.0
Erzincan,2018-10-01,1563.0
Erzincan,2019-01-01,1622.0
Erzincan,2019-04-01,1711.0
Erzincan,2019-07-01,1776.5
Erzincan,2019-10-01,1857.0
Erzincan,2020-01-01,2003.5
Erzincan,2020-04-01,2241.0
Erzincan,2020-07-01,2303.5
Erzincan,2020-10-01,2538.0
Erzincan,2021-01-01,2760.0
Erzincan,2021-04-01,2938.5
Erzincan,2021-07-01,3176.0
Erzincan,2021-10-01,3553.5
Erzincan,2022-01-01,4483.5
Erzincan,2022-04-01,5728.0
Erzincan,2022-07-01,7130.0
Erzincan,2022-10-01,8116.5
Erzincan,2023-01-01,9854.0
Erzincan,2023-04-01,11111.0
Erzincan,2023-07-01,13603.0
Erzincan,2023-10-01,16561.0
Erzincan,2024-01-01,18932.0
Erzincan,2024-04-01,22500.0
Erzincan,2024-07-01,22144.5
Erzincan,2024-10-01,25000.0
Erzincan,2025-01-01,27559.5
Erzincan,2025-04-01,27423.0
Erzincan,2025-07-01,30435.0
Erzincan,2025-10-01,31579.0
Erzincan,2026-01-01,32258.0
Erzincan,2026-04-01,35294.0
Erzurum,2014-01-01,979.0
Erzurum,2014-04-01,991.0
Erzurum,2014-07-01,985.0
Erzurum,2014-10-01,1029.5
Erzurum,2015-01-01,1052.0
Erzurum,2015-04-01,1015.4
Erzurum,2015-07-01,1052.9
Erzurum,2015-10-01,1123.7
Erzurum,2016-01-01,1105.7
Erzurum,2016-04-01,1111.4
Erzurum,2016-07-01,1164.1
Erzurum,2016-10-01,1158.4
Erzurum,2017-01-01,1224.8
Erzurum,2017-04-01,1320.3
Erzurum,2017-07-01,1342.9
Erzurum,2017-10-01,1437.3
Erzurum,2018-01-01,1440.7
Erzurum,2018-04-01,1489.4
Erzurum,2018-07-01,1538.6
Erzurum,2018-10-01,1457.4
Erzurum,2019-01-01,1501.5
Erzurum,2019-04-01,1469.5
Erzurum,2019-07-01,1545.0
Erzurum,2019-10-01,1500.0
Erzurum,2020-01-01,1656.0
Erzurum,2020-04-01,1727.0
Erzurum,2020-07-01,1724.5
Erzurum,2020-10-01,1785.0
Erzurum,2021-01-01,1818.0
Erzurum,2021-04-01,2000.0
Erzurum,2021-07-01,2222.0
Erzurum,2021-10-01,2721.0
Erzurum,2022-01-01,3200.0
Erzurum,2022-04-01,4297.0
Erzurum,2022-07-01,5227.0
Erzurum,2022-10-01,5732.5
Erzurum,2023-01-01,7267.0
Erzurum,2023-04-01,9333.0
Erzurum,2023-07-01,10265.0
Erzurum,2023-10-01,12733.5
Erzurum,2024-01-01,13343.0
Erzurum,2024-04-01,14652.0
Erzurum,2024-07-01,16486.0
Erzurum,2024-10-01,18464.0
Erzurum,2025-01-01,20000.0
Erzurum,2025-04-01,21318.0
Erzurum,2025-07-01,23810.0
Erzurum,2025-10-01,25000.0
Erzurum,2026-01-01,26245.0
Erzurum,2026-04-01,27483.0
Eskişehir,2013-01-01,1028.3
Eskişehir,2013-04-01,1088.9
Eskişehir,2013-07-01,1102.2
Eskişehir,2013-10-01,1128.6
Eskişehir,2014-01-01,1188.2
Eskişehir,2014-04-01,1185.6
Eskişehir,2014-07-01,1258.0
Eskişehir,2014-10-01,1276.4
Eskişehir,2015-01-01,1328.5
Eskişehir,2015-04-01,1353.0
Eskişehir,2015-07-01,1406.2
Eskişehir,2015-10-01,1418.4
Eskişehir,2016-01-01,1452.8
Eskişehir,2016-04-01,1470.3
Eskişehir,2016-07-01,1533.1
Eskişehir,2016-10-01,1560.3
Eskişehir,2017-01-01,1586.7
Eskişehir,2017-04-01,1602.3
Eskişehir,2017-07-01,1668.2
Eskişehir,2017-10-01,1674.8
Eskişehir,2018-01-01,1717.6
Eskişehir,2018-04-01,1816.5
Eskişehir,2018-07-01,1853.5
Eskişehir,2018-10-01,1858.4
Eskişehir,2019-01-01,1899.5
Eskişehir,2019-04-01,1985.6
Eskişehir,2019-07-01,2069.7
Eskişehir,2019-10-01,2174.1
Eskişehir,2020-01-01,2275.3
Eskişehir,2020-04-01,2563.5
Eskişehir,2020-07-01,2731.5
Eskişehir,2020-10-01,2819.6
Eskişehir,2021-01-01,2999.8
Eskişehir,2021-04-01,3223.3
Eskişehir,2021-07-01,3518.8
Eskişehir,2021-10-01,4114.5
Eskişehir,2022-01-01,5503.9
Eskişehir,2022-04-01,7522.4
Eskişehir,2022-07-01,9292.9
Eskişehir,2022-10-01,10559.4
Eskişehir,2023-01-01,12892.5
Eskişehir,2023-04-01,15356.4
Eskişehir,2023-07-01,19207.8
Eskişehir,2023-10-01,21043.1
Eskişehir,2024-01-01,23480.5
Eskişehir,2024-04-01,24299.8
Eskişehir,2024-07-01,26099.1
Eskişehir,2024-10-01,27819.8
Eskişehir,2025-01-01,30179.9
Eskişehir,2025-04-01,31405.1
Eskişehir,2025-07-01,33432.3
Eskişehir,2025-10-01,36145.0
Eskişehir,2026-01-01,37465.3
Eskişehir,2026-04-01,39496.2
Gaziantep,2013-01-01,1262.7
Gaziantep,2013-04-01,1294.3
Gaziantep,2013-07-01,1400.9
Gaziantep,2013-10-01,1490.2
Gaziantep,2014-01-01,1520.7
Gaziantep,2014-04-01,1586.6
Gaziantep,2014-07-01,1580.1
Gaziantep,2014-10-01,1598.3
Gaziantep,2015-01-01,1602.6
Gaziantep,2015-04-01,1656.3
Gaziantep,2015-07-01,1634.4
Gaziantep,2015-10-01,1679.0
Gaziantep,2016-01-01,1668.1
Gaziantep,2016-04-01,1686.7
Gaziantep,2016-07-01,1670.2
Gaziantep,2016-10-01,1687.2
Gaziantep,2017-01-01,1694.7
Gaziantep,2017-04-01,1732.9
Gaziantep,2017-07-01,1741.8
Gaziantep,2017-10-01,1786.9
Gaziantep,2018-01-01,1782.9
Gaziantep,2018-04-01,1874.0
Gaziantep,2018-07-01,1898.6
Gaziantep,2018-10-01,2039.8
Gaziantep,2019-01-01,2004.0
Gaziantep,2019-04-01,2047.5
Gaziantep,2019-07-01,2139.2
Gaziantep,2019-10-01,2252.5
Gaziantep,2020-01-01,2414.8
Gaziantep,2020-04-01,2703.7
Gaziantep,2020-07-01,2945.3
Gaziantep,2020-10-01,3191.9
Gaziantep,2021-01-01,3480.9
Gaziantep,2021-04-01,3793.0
Gaziantep,2021-07-01,4149.3
Gaziantep,2021-10-01,4939.8
Gaziantep,2022-01-01,6691.9
Gaziantep,2022-04-01,8498.4
Gaziantep,2022-07-01,10223.0
Gaziantep,2022-10-01,11178.7
Gaziantep,2023-01-01,12500.0
Gaziantep,2023-04-01,14372.1
Gaziantep,2023-07-01,17090.6
Gaziantep,2023-10-01,18556.0
Gaziantep,2024-01-01,19982.9
Gaziantep,2024-04-01,20986.4
Gaziantep,2024-07-01,21906.3
Gaziantep,2024-10-01,23343.9
Gaziantep,2025-01-01,25233.2
Gaziantep,2025-04-01,26359.3
Gaziantep,2025-07-01,28013.4
Gaziantep,2025-10-01,29307.8
Gaziantep,2026-01-01,31169.8
Gaziantep,2026-04-01,32484.2
Giresun,2013-01-01,895.0
Giresun,2013-04-01,919.5
Giresun,2013-07-01,946.0
Giresun,2013-10-01,909.0
Giresun,2014-01-01,951.0
Giresun,2014-04-01,1000.0
Giresun,2014-07-01,1000.0
Giresun,2014-10-01,1000.0
Giresun,2015-01-01,1012.0
Giresun,2015-04-01,1057.0
Giresun,2015-07-01,1025.0
Giresun,2015-10-01,1022.0
Giresun,2016-01-01,1071.0
Giresun,2016-04-01,1094.5
Giresun,2016-07-01,1205.5
Giresun,2016-10-01,1179.0
Giresun,2017-01-01,1250.0
Giresun,2017-04-01,1316.0
Giresun,2017-07-01,1329.0
Giresun,2017-10-01,1352.0
Giresun,2018-01-01,1412.5
Giresun,2018-04-01,1500.0
Giresun,2018-07-01,1551.5
Giresun,2018-10-01,1521.0
Giresun,2019-01-01,1648.0
Giresun,2019-04-01,1615.5
Giresun,2019-07-01,1757.0
Giresun,2019-10-01,1744.0
Giresun,2020-01-01,1871.0
Giresun,2020-04-01,2061.0
Giresun,2020-07-01,2115.0
Giresun,2020-10-01,2067.0
Giresun,2021-01-01,2129.0
Giresun,2021-04-01,2446.0
Giresun,2021-07-01,2615.0
Giresun,2021-10-01,3000.0
Giresun,2022-01-01,3703.0
Giresun,2022-04-01,5078.5
Giresun,2022-07-01,6538.0
Giresun,2022-10-01,7350.5
Giresun,2023-01-01,10066.0
Giresun,2023-04-01,11916.0
Giresun,2023-07-01,13250.0
Giresun,2023-10-01,15041.0
Giresun,2024-01-01,18033.0
Giresun,2024-04-01,19309.5
Giresun,2024-07-01,20896.0
Giresun,2024-10-01,21875.0
Giresun,2025-01-01,23385.5
Giresun,2025-04-01,25000.0
Giresun,2025-07-01,26811.0
Giresun,2025-10-01,28571.0
Giresun,2026-01-01,30519.0
Giresun,2026-04-01,31852.0
Hatay,2013-01-01,930.0
Hatay,2013-04-01,931.0
Hatay,2013-07-01,962.0
Hatay,2013-10-01,947.0
Hatay,2014-01-01,1000.0
Hatay,2014-04-01,981.0
Hatay,2014-07-01,1007.0
Hatay,2014-10-01,1053.0
Hatay,2015-01-01,1084.5
Hatay,2015-04-01,1089.0
Hatay,2015-07-01,1128.0
Hatay,2015-10-01,1104.0
Hatay,2016-01-01,1120.0
Hatay,2016-04-01,1162.0
Hatay,2016-07-01,1176.0
Hatay,2016-10-01,1195.0
Hatay,2017-01-01,1297.0
Hatay,2017-04-01,1305.2
Hatay,2017-07-01,1359.6
Hatay,2017-10-01,1368.0
Hatay,2018-01-01,1394.0
Hatay,2018-04-01,1448.4
Hatay,2018-07-01,1472.9
Hatay,2018-10-01,1414.5
Hatay,2019-01-01,1531.5
Hatay,2019-04-01,1497.4
Hatay,2019-07-01,1590.0
Hatay,2019-10-01,1622.9
Hatay,2020-01-01,1736.2
Hatay,2020-04-01,1909.3
Hatay,2020-07-01,2006.8
Hatay,2020-10-01,2063.5
Hatay,2021-01-01,2206.1
Hatay,2021-04-01,2450.0
Hatay,2021-07-01,2683.1
Hatay,2021-10-01,3183.6
Hatay,2022-01-01,4209.2
Hatay,2022-04-01,5549.9
Hatay,2022-07-01,7057.3
Hatay,2022-10-01,8178.0
Hatay,2023-01-01,9284.7
Hatay,2023-04-01,12872.0
Hatay,2023-07-01,17104.9
Hatay,2023-10-01,18175.3
Hatay,2024-01-01,17182.0
Hatay,2024-04-01,20000.0
Hatay,2024-07-01,20000.0
Hatay,2024-10-01,21255.0
Hatay,2025-01-01,22320.5
Hatay,2025-04-01,23810.0
Hatay,2025-07-01,25000.0
Hatay,2025-10-01,27027.0
Hatay,2026-01-01,26923.0
Hatay,2026-04-01,29032.0
Isparta,2013-01-01,990.0
Isparta,2013-04-01,1000.0
Isparta,2013-07-01,1042.0
Isparta,2013-10-01,1075.0
Isparta,2014-01-01,1172.0
Isparta,2014-04-01,1194.0
Isparta,2014-07-01,1230.0
Isparta,2014-10-01,1306.0
Isparta,2015-01-01,1500.0
Isparta,2015-04-01,1455.0
Isparta,2015-07-01,1500.0
Isparta,2015-10-01,1521.0
Isparta,2016-01-01,1592.0
Isparta,2016-04-01,1679.0
Isparta,2016-07-01,1695.0
Isparta,2016-10-01,1809.5
Isparta,2017-01-01,1852.0
Isparta,2017-04-01,1898.0
Isparta,2017-07-01,2000.0
Isparta,2017-10-01,2000.0
Isparta,2018-01-01,2071.0
Isparta,2018-04-01,2138.0
Isparta,2018-07-01,2083.0
Isparta,2018-10-01,2444.0
Isparta,2019-01-01,2231.5
Isparta,2019-04-01,2105.0
Isparta,2019-07-01,2257.5
Isparta,2019-10-01,2203.0
Isparta,2020-01-01,2418.0
Isparta,2020-04-01,2703.0
Isparta,2020-07-01,2941.0
Isparta,2020-10-01,3088.0
Isparta,2021-01-01,3125.0
Isparta,2021-04-01,3571.0
Isparta,2021-07-01,3692.0
Isparta,2021-10-01,4412.0
Isparta,2022-01-01,5788.0
Isparta,2022-04-01,7500.0
Isparta,2022-07-01,9477.0
Isparta,2022-10-01,11127.0
Isparta,2023-01-01,13616.0
Isparta,2023-04-01,14446.0
Isparta,2023-07-01,18286.0
Isparta,2023-10-01,20150.0
Isparta,2024-01-01,21774.0
Isparta,2024-04-01,24074.0
Isparta,2024-07-01,25345.5
Isparta,2024-10-01,27187.0
Isparta,2025-01-01,28571.0
Isparta,2025-04-01,31250.0
Isparta,2025-07-01,34014.0
Isparta,2025-10-01,35978.0
Isparta,2026-01-01,36207.0
Isparta,2026-04-01,40074.0
Iğdır,2023-01-01,9745.0
Iğdır,2023-04-01,10370.5
Iğdır,2023-07-01,12552.5
Iğdır,2023-10-01,12890.0
Iğdır,2024-01-01,15873.0
Iğdır,2024-04-01,18685.5
Iğdır,2024-07-01,18719.5
Iğdır,2024-10-01,19767.0
Iğdır,2025-01-01,22222.0
Iğdır,2025-04-01,23214.0
Iğdır,2025-07-01,26450.0
Iğdır,2025-10-01,27778.0
Iğdır,2026-01-01,28358.0
Iğdır,2026-04-01,30410.0
Kahramanmaraş,2013-01-01,746.5
Kahramanmaraş,2013-04-01,763.0
Kahramanmaraş,2013-07-01,784.0
Kahramanmaraş,2013-10-01,819.5
Kahramanmaraş,2014-01-01,845.0
Kahramanmaraş,2014-04-01,951.0
Kahramanmaraş,2014-07-01,1000.0
Kahramanmaraş,2014-10-01,1011.0
Kahramanmaraş,2015-01-01,1074.0
Kahramanmaraş,2015-04-01,1091.0
Kahramanmaraş,2015-07-01,1158.5
Kahramanmaraş,2015-10-01,1120.0
Kahramanmaraş,2016-01-01,1193.0
Kahramanmaraş,2016-04-01,1224.0
Kahramanmaraş,2016-07-01,1228.5
Kahramanmaraş,2016-10-01,1224.0
Kahramanmaraş,2017-01-01,1250.0
Kahramanmaraş,2017-04-01,1266.0
Kahramanmaraş,2017-07-01,1265.0
Kahramanmaraş,2017-10-01,1292.0
Kahramanmaraş,2018-01-01,1335.1
Kahramanmaraş,2018-04-01,1369.8
Kahramanmaraş,2018-07-01,1370.6
Kahramanmaraş,2018-10-01,1352.8
Kahramanmaraş,2019-01-01,1455.3
Kahramanmaraş,2019-04-01,1466.2
Kahramanmaraş,2019-07-01,1604.0
Kahramanmaraş,2019-10-01,1650.2
Kahramanmaraş,2020-01-01,1799.6
Kahramanmaraş,2020-04-01,2083.2
Kahramanmaraş,2020-07-01,2341.3
Kahramanmaraş,2020-10-01,2532.6
Kahramanmaraş,2021-01-01,2702.9
Kahramanmaraş,2021-04-01,2962.7
Kahramanmaraş,2021-07-01,3295.0
Kahramanmaraş,2021-10-01,3931.1
Kahramanmaraş,2022-01-01,5205.3
Kahramanmaraş,2022-04-01,7039.1
Kahramanmaraş,2022-07-01,8185.4
Kahramanmaraş,2022-10-01,9287.9
Kahramanmaraş,2023-01-01,10425.9
Kahramanmaraş,2023-04-01,13179.1
Kahramanmaraş,2023-07-01,15897.4
Kahramanmaraş,2023-10-01,17776.9
Kahramanmaraş,2024-01-01,16743.0
Kahramanmaraş,2024-04-01,18644.0
Kahramanmaraş,2024-07-01,19355.0
Kahramanmaraş,2024-10-01,21233.0
Kahramanmaraş,2025-01-01,22727.0
Kahramanmaraş,2025-04-01,24000.0
Kahramanmaraş,2025-07-01,25564.0
Kahramanmaraş,2025-10-01,25557.5
Kahramanmaraş,2026-01-01,27734.0
Kahramanmaraş,2026-04-01,28428.0
Karabük,2013-01-01,1163.0
Karabük,2013-04-01,1150.0
Karabük,2013-07-01,1164.0
Karabük,2013-10-01,1187.0
Karabük,2014-01-01,1143.0
Karabük,2014-04-01,1183.0
Karabük,2014-07-01,1237.0
Karabük,2014-10-01,1196.5
Karabük,2015-01-01,1274.0
Karabük,2015-04-01,1252.0
Karabük,2015-07-01,1333.0
Karabük,2015-10-01,1379.0
Karabük,2016-01-01,1333.0
Karabük,2016-04-01,1286.5
Karabük,2016-07-01,1304.0
Karabük,2016-10-01,1353.0
Karabük,2017-01-01,1389.0
Karabük,2017-04-01,1355.0
Karabük,2017-07-01,1370.0
Karabük,2017-10-01,1379.0
Karabük,2018-01-01,1435.0
Karabük,2018-04-01,1500.0
Karabük,2018-07-01,1533.5
Karabük,2018-10-01,1455.0
Karabük,2019-01-01,1556.5
Karabük,2019-04-01,1548.5
Karabük,2019-07-01,1721.5
Karabük,2019-10-01,1832.5
Karabük,2020-01-01,1888.5
Karabük,2020-04-01,2083.0
Karabük,2020-07-01,2237.0
Karabük,2020-10-01,2352.5
Karabük,2021-01-01,2345.0
Karabük,2021-04-01,2614.5
Karabük,2021-07-01,2893.0
Karabük,2021-10-01,3222.0
Karabük,2022-01-01,4038.5
Karabük,2022-04-01,5508.5
Karabük,2022-07-01,7125.0
Karabük,2022-10-01,8333.0
Karabük,2023-01-01,11035.0
Karabük,2023-04-01,12891.0
Karabük,2023-07-01,15747.5
Karabük,2023-10-01,18750.0
Karabük,2024-01-01,19503.0
Karabük,2024-04-01,21185.5
Karabük,2024-07-01,22807.0
Karabük,2024-10-01,25000.0
Karabük,2025-01-01,27037.0
Karabük,2025-04-01,25962.0
Karabük,2025-07-01,30488.0
Karabük,2025-10-01,33591.0
Karabük,2026-01-01,35209.0
Karabük,2026-04-01,35334.5
Karaman,2013-01-01,882.0
Karaman,2013-04-01,889.0
Karaman,2013-07-01,942.0
Karaman,2013-10-01,972.0
Karaman,2014-01-01,1000.0
Karaman,2014-04-01,963.0
Karaman,2014-07-01,1056.0
Karaman,2014-10-01,1071.0
Karaman,2015-01-01,1102.0
Karaman,2015-04-01,1096.0
Karaman,2015-07-01,1123.0
Karaman,2015-10-01,1169.0
Karaman,2016-01-01,1184.0
Karaman,2016-04-01,1218.0
Karaman,2016-07-01,1288.0
Karaman,2016-10-01,1290.0
Karaman,2017-01-01,1304.0
Karaman,2017-04-01,1409.0
Karaman,2017-07-01,1380.0
Karaman,2017-10-01,1460.5
Karaman,2018-01-01,1508.0
Karaman,2018-04-01,1615.0
Karaman,2018-07-01,1650.5
Karaman,2018-10-01,1514.0
Karaman,2019-01-01,1623.0
Karaman,2019-04-01,1556.0
Karaman,2019-07-01,1667.0
Karaman,2019-10-01,1706.0
Karaman,2020-01-01,1833.0
Karaman,2020-04-01,2049.0
Karaman,2020-07-01,2158.0
Karaman,2020-10-01,2128.0
Karaman,2021-01-01,2212.0
Karaman,2021-04-01,2510.0
Karaman,2021-07-01,2679.0
Karaman,2021-10-01,3093.0
Karaman,2022-01-01,3875.0
Karaman,2022-04-01,5488.0
Karaman,2022-07-01,6557.0
Karaman,2022-10-01,8229.0
Karaman,2023-01-01,10185.0
Karaman,2023-04-01,12500.0
Karaman,2023-07-01,14286.0
Karaman,2023-10-01,16887.0
Karaman,2024-01-01,18421.0
Karaman,2024-04-01,20000.0
Karaman,2024-07-01,21132.5
Karaman,2024-10-01,21429.0
Karaman,2025-01-01,23986.5
Karaman,2025-04-01,25658.5
Karaman,2025-07-01,28424.5
Karaman,2025-10-01,28289.0
Karaman,2026-01-01,30327.5
Karaman,2026-04-01,34667.0
Kars,2023-01-01,7206.0
Kars,2023-04-01,8571.0
Kars,2023-07-01,11056.0
Kars,2023-10-01,12772.0
Kars,2024-01-01,14655.0
Kars,2024-04-01,15645.0
Kars,2024-07-01,16710.0
Kars,2024-10-01,18519.0
Kars,2025-01-01,20000.0
Kars,2025-04-01,20619.0
Kars,2025-07-01,23026.0
Kars,2025-10-01,24264.0
Kars,2026-01-01,25000.0
Kars,2026-04-01,25963.0
Kastamonu,2014-01-01,1068.0
Kastamonu,2014-04-01,1040.0
Kastamonu,2014-07-01,1085.0
Kastamonu,2014-10-01,1095.0
Kastamonu,2015-01-01,1128.5
Kastamonu,2015-04-01,1237.0
Kastamonu,2015-07-01,1182.0
Kastamonu,2015-10-01,1179.0
Kastamonu,2016-01-01,1247.0
Kastamonu,2016-04-01,1286.0
Kastamonu,2016-07-01,1364.0
Kastamonu,2016-10-01,1438.0
Kastamonu,2017-01-01,1512.0
Kastamonu,2017-04-01,1444.0
Kastamonu,2017-07-01,1543.0
Kastamonu,2017-10-01,1653.0
Kastamonu,2018-01-01,1737.0
Kastamonu,2018-04-01,1782.0
Kastamonu,2018-07-01,1778.0
Kastamonu,2018-10-01,1851.0
Kastamonu,2019-01-01,1818.0
Kastamonu,2019-04-01,1769.0
Kastamonu,2019-07-01,1908.0
Kastamonu,2019-10-01,1957.0
Kastamonu,2020-01-01,2061.0
Kastamonu,2020-04-01,2282.0
Kastamonu,2020-07-01,2304.0
Kastamonu,2020-10-01,2435.0
Kastamonu,2021-01-01,2522.5
Kastamonu,2021-04-01,2803.0
Kastamonu,2021-07-01,3108.0
Kastamonu,2021-10-01,3602.5
Kastamonu,2022-01-01,4391.0
Kastamonu,2022-04-01,6338.5
Kastamonu,2022-07-01,7720.0
Kastamonu,2022-10-01,8878.0
Kastamonu,2023-01-01,11047.0
Kastamonu,2023-04-01,13291.0
Kastamonu,2023-07-01,17984.0
Kastamonu,2023-10-01,19672.0
Kastamonu,2024-01-01,21353.0
Kastamonu,2024-04-01,22513.0
Kastamonu,2024-07-01,25229.0
Kastamonu,2024-10-01,26719.5
Kastamonu,2025-01-01,28000.0
Kastamonu,2025-04-01,30488.0
Kastamonu,2025-07-01,33158.0
Kastamonu,2025-10-01,33708.0
Kastamonu,2026-01-01,36364.0
Kastamonu,2026-04-01,37394.0
Kayseri,2013-01-01,873.1
Kayseri,2013-04-01,885.7
Kayseri,2013-07-01,915.3
Kayseri,2013-10-01,934.1
Kayseri,2014-01-01,946.8
Kayseri,2014-04-01,1005.5
Kayseri,2014-07-01,1004.8
Kayseri,2014-10-01,1065.0
Kayseri,2015-01-01,1068.9
Kayseri,2015-04-01,1114.5
Kayseri,2015-07-01,1141.1
Kayseri,2015-10-01,1173.2
Kayseri,2016-01-01,1192.2
Kayseri,2016-04-01,1232.4
Kayseri,2016-07-01,1225.1
Kayseri,2016-10-01,1282.0
Kayseri,2017-01-01,1329.8
Kayseri,2017-04-01,1362.2
Kayseri,2017-07-01,1379.3
Kayseri,2017-10-01,1436.8
Kayseri,2018-01-01,1504.1
Kayseri,2018-04-01,1569.7
Kayseri,2018-07-01,1624.2
Kayseri,2018-10-01,1719.1
Kayseri,2019-01-01,1683.9
Kayseri,2019-04-01,1704.7
Kayseri,2019-07-01,1782.2
Kayseri,2019-10-01,1851.3
Kayseri,2020-01-01,1994.1
Kayseri,2020-04-01,2158.7
Kayseri,2020-07-01,2308.3
Kayseri,2020-10-01,2451.6
Kayseri,2021-01-01,2681.6
Kayseri,2021-04-01,2783.2
Kayseri,2021-07-01,3002.8
Kayseri,2021-10-01,3498.9
Kayseri,2022-01-01,4851.8
Kayseri,2022-04-01,6253.0
Kayseri,2022-07-01,7690.4
Kayseri,2022-10-01,8584.8
Kayseri,2023-01-01,10171.8
Kayseri,2023-04-01,11303.6
Kayseri,2023-07-01,12795.7
Kayseri,2023-10-01,14488.9
Kayseri,2024-01-01,15706.4
Kayseri,2024-04-01,16890.9
Kayseri,2024-07-01,17588.2
Kayseri,2024-10-01,18911.1
Kayseri,2025-01-01,20798.1
Kayseri,2025-04-01,22509.6
Kayseri,2025-07-01,24382.4
Kayseri,2025-10-01,25998.2
Kayseri,2026-01-01,27879.4
Kayseri,2026-04-01,29299.8
Kilis,2014-01-01,925.0
Kilis,2014-04-01,992.0
Kilis,2014-07-01,1000.0
Kilis,2014-10-01,1042.0
Kilis,2015-01-01,1052.5
Kilis,2015-04-01,1059.5
Kilis,2015-07-01,1087.5
Kilis,2015-10-01,1115.5
Kilis,2016-01-01,1322.0
Kilis,2016-04-01,1063.0
Kilis,2016-07-01,1048.0
Kilis,2016-10-01,1091.0
Kilis,2017-01-01,1124.0
Kilis,2017-04-01,1124.5
Kilis,2017-07-01,1174.0
Kilis,2017-10-01,1199.0
Kilis,2018-01-01,1140.0
Kilis,2018-04-01,1304.0
Kilis,2018-07-01,1368.0
Kilis,2018-10-01,1477.0
Kilis,2019-01-01,1583.0
Kilis,2019-04-01,1558.0
Kilis,2019-07-01,1706.0
Kilis,2019-10-01,1707.0
Kilis,2020-01-01,1902.0
Kilis,2020-04-01,2119.0
Kilis,2020-07-01,2143.0
Kilis,2020-10-01,2271.5
Kilis,2021-01-01,2286.0
Kilis,2021-04-01,2555.5
Kilis,2021-07-01,2874.0
Kilis,2021-10-01,3369.0
Kilis,2022-01-01,4328.0
Kilis,2022-04-01,5556.0
Kilis,2022-07-01,6579.0
Kilis,2022-10-01,7718.5
Kilis,2023-01-01,8898.5
Kilis,2023-04-01,9225.0
Kilis,2023-07-01,12015.0
Kilis,2023-10-01,12373.0
Kilis,2024-01-01,16489.0
Kilis,2024-04-01,16542.0
Kilis,2024-07-01,18750.0
Kilis,2024-10-01,20115.0
Kilis,2025-01-01,22064.5
Kilis,2025-04-01,21875.0
Kilis,2025-07-01,21239.0
Kilis,2025-10-01,24363.0
Kilis,2026-01-01,26056.0
Kilis,2026-04-01,24174.5
Kocaeli,2013-01-01,1039.5
Kocaeli,2013-04-01,1061.6
Kocaeli,2013-07-01,1079.7
Kocaeli,2013-10-01,1088.8
Kocaeli,2014-01-01,1111.6
Kocaeli,2014-04-01,1158.0
Kocaeli,2014-07-01,1193.3
Kocaeli,2014-10-01,1213.8
Kocaeli,2015-01-01,1263.2
Kocaeli,2015-04-01,1350.1
Kocaeli,2015-07-01,1420.7
Kocaeli,2015-10-01,1444.2
Kocaeli,2016-01-01,1511.4
Kocaeli,2016-04-01,1599.0
Kocaeli,2016-07-01,1681.5
Kocaeli,2016-10-01,1723.8
Kocaeli,2017-01-01,1815.1
Kocaeli,2017-04-01,1901.1
Kocaeli,2017-07-01,1955.7
Kocaeli,2017-10-01,1992.4
Kocaeli,2018-01-01,2023.4
Kocaeli,2018-04-01,2126.6
Kocaeli,2018-07-01,2112.8
Kocaeli,2018-10-01,2083.8
Kocaeli,2019-01-01,2094.7
Kocaeli,2019-04-01,2094.0
Kocaeli,2019-07-01,2201.5
Kocaeli,2019-10-01,2271.4
Kocaeli,2020-01-01,2333.0
Kocaeli,2020-04-01,2590.2
Kocaeli,2020-07-01,2690.1
Kocaeli,2020-10-01,2732.4
Kocaeli,2021-01-01,2827.1
Kocaeli,2021-04-01,3039.5
Kocaeli,2021-07-01,3300.2
Kocaeli,2021-10-01,3936.9
Kocaeli,2022-01-01,5325.6
Kocaeli,2022-04-01,7413.5
Kocaeli,2022-07-01,9639.1
Kocaeli,2022-10-01,11243.3
Kocaeli,2023-01-01,14387.5
Kocaeli,2023-04-01,17030.6
Kocaeli,2023-07-01,20341.7
Kocaeli,2023-10-01,22941.7
Kocaeli,2024-01-01,23937.6
Kocaeli,2024-04-01,25777.2
Kocaeli,2024-07-01,27246.2
Kocaeli,2024-10-01,29196.9
Kocaeli,2025-01-01,32178.4
Kocaeli,2025-04-01,33666.1
Kocaeli,2025-07-01,36415.5
Kocaeli,2025-10-01,39221.3
Kocaeli,2026-01-01,42338.4
Kocaeli,2026-04-01,44106.0
Konya,2013-01-01,839.0
Konya,2013-04-01,857.0
Konya,2013-07-01,890.0
Konya,2013-10-01,905.0
Konya,2014-01-01,989.1
Konya,2014-04-01,1003.6
Konya,2014-07-01,1063.8
Konya,2014-10-01,1090.2
Konya,2015-01-01,1116.1
Konya,2015-04-01,1181.1
Konya,2015-07-01,1342.8
Konya,2015-10-01,1248.8
Konya,2016-01-01,1267.5
Konya,2016-04-01,1313.7
Konya,2016-07-01,1342.8
Konya,2016-10-01,1399.3
Konya,2017-01-01,1431.9
Konya,2017-04-01,1436.3
Konya,2017-07-01,1505.8
Konya,2017-10-01,1518.4
Konya,2018-01-01,1560.3
Konya,2018-04-01,1679.7
Konya,2018-07-01,1676.2
Konya,2018-10-01,2104.6
Konya,2019-01-01,1734.5
Konya,2019-04-01,1748.2
Konya,2019-07-01,1875.0
Konya,2019-10-01,1921.8
Konya,2020-01-01,2018.8
Konya,2020-04-01,2192.6
Konya,2020-07-01,2305.7
Konya,2020-10-01,2427.0
Konya,2021-01-01,2596.6
Konya,2021-04-01,2851.3
Konya,2021-07-01,3181.3
Konya,2021-10-01,3965.9
Konya,2022-01-01,5366.3
Konya,2022-04-01,7152.3
Konya,2022-07-01,8575.9
Konya,2022-10-01,10111.4
Konya,2023-01-01,12217.0
Konya,2023-04-01,14212.4
Konya,2023-07-01,17091.7
Konya,2023-10-01,21527.9
Konya,2024-01-01,21477.9
Konya,2024-04-01,24252.2
Konya,2024-07-01,23175.7
Konya,2024-10-01,25549.6
Konya,2025-01-01,27526.9
Konya,2025-04-01,28405.4
Konya,2025-07-01,30212.9
Konya,2025-10-01,32322.6
Konya,2026-01-01,34795.5
Konya,2026-04-01,36153.3
Kütahya,2013-01-01,984.0
Kütahya,2013-04-01,1000.0
Kütahya,2013-07-01,1022.5
Kütahya,2013-10-01,1045.0
Kütahya,2014-01-01,1029.0
Kütahya,2014-04-01,1101.0
Kütahya,2014-07-01,1106.0
Kütahya,2014-10-01,1125.5
Kütahya,2015-01-01,1167.5
Kütahya,2015-04-01,1152.0
Kütahya,2015-07-01,1176.0
Kütahya,2015-10-01,1209.0
Kütahya,2016-01-01,1188.0
Kütahya,2016-04-01,1190.0
Kütahya,2016-07-01,1250.0
Kütahya,2016-10-01,1250.0
Kütahya,2017-01-01,1296.0
Kütahya,2017-04-01,1341.0
Kütahya,2017-07-01,1364.0
Kütahya,2017-10-01,1375.0
Kütahya,2018-01-01,1440.0
Kütahya,2018-04-01,1480.0
Kütahya,2018-07-01,1481.0
Kütahya,2018-10-01,1467.0
Kütahya,2019-01-01,1602.0
Kütahya,2019-04-01,1585.0
Kütahya,2019-07-01,1683.0
Kütahya,2019-10-01,1729.5
Kütahya,2020-01-01,1784.0
Kütahya,2020-04-01,1992.5
Kütahya,2020-07-01,2095.0
Kütahya,2020-10-01,2195.0
Kütahya,2021-01-01,2254.0
Kütahya,2021-04-01,2409.0
Kütahya,2021-07-01,2625.0
Kütahya,2021-10-01,3182.0
Kütahya,2022-01-01,4053.0
Kütahya,2022-04-01,5446.0
Kütahya,2022-07-01,6920.0
Kütahya,2022-10-01,8131.5
Kütahya,2023-01-01,9890.0
Kütahya,2023-04-01,11189.0
Kütahya,2023-07-01,14123.5
Kütahya,2023-10-01,16011.0
Kütahya,2024-01-01,18333.0
Kütahya,2024-04-01,19048.0
Kütahya,2024-07-01,21512.0
Kütahya,2024-10-01,23529.0
Kütahya,2025-01-01,24675.0
Kütahya,2025-04-01,28037.5
Kütahya,2025-07-01,29167.0
Kütahya,2025-10-01,30556.0
Kütahya,2026-01-01,30857.0
Kütahya,2026-04-01,33892.0
Kırklareli,2013-01-01,857.0
Kırklareli,2013-04-01,875.0
Kırklareli,2013-07-01,880.0
Kırklareli,2013-10-01,909.0
Kırklareli,2014-01-01,920.0
Kırklareli,2014-04-01,938.0
Kırklareli,2014-07-01,978.0
Kırklareli,2014-10-01,960.0
Kırklareli,2015-01-01,1016.0
Kırklareli,2015-04-01,1118.0
Kırklareli,2015-07-01,1101.0
Kırklareli,2015-10-01,1182.5
Kırklareli,2016-01-01,1228.1
Kırklareli,2016-04-01,1318.9
Kırklareli,2016-07-01,1390.7
Kırklareli,2016-10-01,1419.8
Kırklareli,2017-01-01,1474.9
Kırklareli,2017-04-01,1573.7
Kırklareli,2017-07-01,1601.4
Kırklareli,2017-10-01,1719.4
Kırklareli,2018-01-01,1795.2
Kırklareli,2018-04-01,1878.2
Kırklareli,2018-07-01,1875.4
Kırklareli,2018-10-01,1856.3
Kırklareli,2019-01-01,1882.5
Kırklareli,2019-04-01,1799.8
Kırklareli,2019-07-01,1933.4
Kırklareli,2019-10-01,1978.9
Kırklareli,2020-01-01,2167.3
Kırklareli,2020-04-01,2273.0
Kırklareli,2020-07-01,2410.8
Kırklareli,2020-10-01,2615.5
Kırklareli,2021-01-01,2708.0
Kırklareli,2021-04-01,2881.1
Kırklareli,2021-07-01,3176.4
Kırklareli,2021-10-01,3614.9
Kırklareli,2022-01-01,4731.5
Kırklareli,2022-04-01,6455.0
Kırklareli,2022-07-01,8903.2
Kırklareli,2022-10-01,10347.6
Kırklareli,2023-01-01,13016.5
Kırklareli,2023-04-01,17154.7
Kırklareli,2023-07-01,20170.9
Kırklareli,2023-10-01,22795.1
Kırklareli,2024-01-01,25000.0
Kırklareli,2024-04-01,27172.9
Kırklareli,2024-07-01,28405.7
Kırklareli,2024-10-01,29820.3
Kırklareli,2025-01-01,34838.6
Kırklareli,2025-04-01,34508.4
Kırklareli,2025-07-01,35483.9
Kırklareli,2025-10-01,39644.3
Kırklareli,2026-01-01,40530.0
Kırklareli,2026-04-01,42011.1
Kırıkkale,2013-01-01,891.0
Kırıkkale,2013-04-01,926.0
Kırıkkale,2013-07-01,968.0
Kırıkkale,2013-10-01,959.0
Kırıkkale,2014-01-01,953.5
Kırıkkale,2014-04-01,1000.0
Kırıkkale,2014-07-01,1059.0
Kırıkkale,2014-10-01,1103.0
Kırıkkale,2015-01-01,1095.0
Kırıkkale,2015-04-01,1078.0
Kırıkkale,2015-07-01,1200.0
Kırıkkale,2015-10-01,1184.0
Kırıkkale,2016-01-01,1174.0
Kırıkkale,2016-04-01,1185.5
Kırıkkale,2016-07-01,1206.0
Kırıkkale,2016-10-01,1225.5
Kırıkkale,2017-01-01,1227.0
Kırıkkale,2017-04-01,1239.0
Kırıkkale,2017-07-01,1241.0
Kırıkkale,2017-10-01,1297.0
Kırıkkale,2018-01-01,1333.0
Kırıkkale,2018-04-01,1395.5
Kırıkkale,2018-07-01,1368.0
Kırıkkale,2018-10-01,1373.0
Kırıkkale,2019-01-01,1432.0
Kırıkkale,2019-04-01,1402.5
Kırıkkale,2019-07-01,1500.0
Kırıkkale,2019-10-01,1538.0
Kırıkkale,2020-01-01,1652.0
Kırıkkale,2020-04-01,1719.0
Kırıkkale,2020-07-01,1832.0
Kırıkkale,2020-10-01,1923.0
Kırıkkale,2021-01-01,2018.5
Kırıkkale,2021-04-01,2200.0
Kırıkkale,2021-07-01,2306.0
Kırıkkale,2021-10-01,2816.0
Kırıkkale,2022-01-01,3167.5
Kırıkkale,2022-04-01,4286.0
Kırıkkale,2022-07-01,5325.0
Kırıkkale,2022-10-01,6250.0
Kırıkkale,2023-01-01,8162.0
Kırıkkale,2023-04-01,9249.0
Kırıkkale,2023-07-01,11458.0
Kırıkkale,2023-10-01,13600.0
Kırıkkale,2024-01-01,15000.0
Kırıkkale,2024-04-01,16092.0
Kırıkkale,2024-07-01,17672.0
Kırıkkale,2024-10-01,18703.5
Kırıkkale,2025-01-01,20692.5
Kırıkkale,2025-04-01,22198.0
Kırıkkale,2025-07-01,24180.5
Kırıkkale,2025-10-01,26000.0
Kırıkkale,2026-01-01,28387.0
Kırıkkale,2026-04-01,28571.0
Kırşehir,2013-01-01,861.0
Kırşehir,2013-04-01,895.0
Kırşehir,2013-07-01,914.0
Kırşehir,2013-10-01,851.0
Kırşehir,2014-01-01,969.5
Kırşehir,2014-04-01,933.0
Kırşehir,2014-07-01,985.5
Kırşehir,2014-10-01,1007.0
Kırşehir,2015-01-01,972.0
Kırşehir,2015-04-01,1016.0
Kırşehir,2015-07-01,1058.0
Kırşehir,2015-10-01,1111.0
Kırşehir,2016-01-01,1074.0
Kırşehir,2016-04-01,1113.5
Kırşehir,2016-07-01,1092.0
Kırşehir,2016-10-01,1127.0
Kırşehir,2017-01-01,1180.5
Kırşehir,2017-04-01,1205.0
Kırşehir,2017-07-01,1196.0
Kırşehir,2017-10-01,1241.0
Kırşehir,2018-01-01,1275.0
Kırşehir,2018-04-01,1311.5
Kırşehir,2018-07-01,1338.5
Kırşehir,2018-10-01,1292.0
Kırşehir,2019-01-01,1462.0
Kırşehir,2019-04-01,1347.5
Kırşehir,2019-07-01,1481.0
Kırşehir,2019-10-01,1561.5
Kırşehir,2020-01-01,1692.0
Kırşehir,2020-04-01,1818.0
Kırşehir,2020-07-01,1879.5
Kırşehir,2020-10-01,1769.0
Kırşehir,2021-01-01,2091.0
Kırşehir,2021-04-01,2315.0
Kırşehir,2021-07-01,2478.0
Kırşehir,2021-10-01,2910.0
Kırşehir,2022-01-01,3605.5
Kırşehir,2022-04-01,4761.0
Kırşehir,2022-07-01,5725.0
Kırşehir,2022-10-01,6915.5
Kırşehir,2023-01-01,8503.0
Kırşehir,2023-04-01,9667.0
Kırşehir,2023-07-01,11905.0
Kırşehir,2023-10-01,15385.0
Kırşehir,2024-01-01,15198.0
Kırşehir,2024-04-01,18818.0
Kırşehir,2024-07-01,18085.0
Kırşehir,2024-10-01,18248.0
Kırşehir,2025-01-01,20645.0
Kırşehir,2025-04-01,22285.0
Kırşehir,2025-07-01,22887.0
Kırşehir,2025-10-01,24489.5
Kırşehir,2026-01-01,25000.0
Kırşehir,2026-04-01,25581.0
Malatya,2013-01-01,800.5
Malatya,2013-04-01,818.0
Malatya,2013-07-01,842.0
Malatya,2013-10-01,887.0
Malatya,2014-01-01,873.5
Malatya,2014-04-01,914.5
Malatya,2014-07-01,914.0
Malatya,2014-10-01,929.0
Malatya,2015-01-01,956.6
Malatya,2015-04-01,976.9
Malatya,2015-07-01,974.9
Malatya,2015-10-01,997.1
Malatya,2016-01-01,1030.0
Malatya,2016-04-01,1064.8
Malatya,2016-07-01,1081.5
Malatya,2016-10-01,1153.6
Malatya,2017-01-01,1162.2
Malatya,2017-04-01,1233.5
Malatya,2017-07-01,1258.1
Malatya,2017-10-01,1340.2
Malatya,2018-01-01,1379.4
Malatya,2018-04-01,1441.6
Malatya,2018-07-01,1462.9
Malatya,2018-10-01,1605.2
Malatya,2019-01-01,1593.6
Malatya,2019-04-01,1569.9
Malatya,2019-07-01,1683.3
Malatya,2019-10-01,1726.8
Malatya,2020-01-01,1915.2
Malatya,2020-04-01,2108.8
Malatya,2020-07-01,2182.0
Malatya,2020-10-01,2342.3
Malatya,2021-01-01,2465.7
Malatya,2021-04-01,2665.5
Malatya,2021-07-01,2854.2
Malatya,2021-10-01,3347.3
Malatya,2022-01-01,4495.9
Malatya,2022-04-01,5705.9
Malatya,2022-07-01,6938.9
Malatya,2022-10-01,8313.4
Malatya,2023-01-01,9468.4
Malatya,2023-04-01,12944.1
Malatya,2023-07-01,13974.9
Malatya,2023-10-01,16124.7
Malatya,2024-01-01,16848.0
Malatya,2024-04-01,17266.0
Malatya,2024-07-01,18023.0
Malatya,2024-10-01,19737.0
Malatya,2025-01-01,21795.0
Malatya,2025-04-01,20614.0
Malatya,2025-07-01,20385.0
Malatya,2025-10-01,22581.0
Malatya,2026-01-01,24070.5
Malatya,2026-04-01,24667.0
Manisa,2013-01-01,1012.0
Manisa,2013-04-01,1048.2
Manisa,2013-07-01,1120.3
Manisa,2013-10-01,1123.0
Manisa,2014-01-01,959.0
Manisa,2014-04-01,996.2
Manisa,2014-07-01,1035.0
Manisa,2014-10-01,1040.6
Manisa,2015-01-01,1271.1
Manisa,2015-04-01,1325.9
Manisa,2015-07-01,1354.4
Manisa,2015-10-01,1377.5
Manisa,2016-01-01,1419.2
Manisa,2016-04-01,1460.1
Manisa,2016-07-01,1497.9
Manisa,2016-10-01,1557.2
Manisa,2017-01-01,1615.9
Manisa,2017-04-01,1672.3
Manisa,2017-07-01,1722.3
Manisa,2017-10-01,1775.3
Manisa,2018-01-01,1829.9
Manisa,2018-04-01,1923.0
Manisa,2018-07-01,1976.2
Manisa,2018-10-01,1984.0
Manisa,2019-01-01,1977.0
Manisa,2019-04-01,2004.6
Manisa,2019-07-01,2097.6
Manisa,2019-10-01,2134.4
Manisa,2020-01-01,2277.7
Manisa,2020-04-01,2528.7
Manisa,2020-07-01,2662.5
Manisa,2020-10-01,2785.8
Manisa,2021-01-01,2899.2
Manisa,2021-04-01,3195.1
Manisa,2021-07-01,3494.1
Manisa,2021-10-01,4079.9
Manisa,2022-01-01,5321.3
Manisa,2022-04-01,7100.6
Manisa,2022-07-01,8777.0
Manisa,2022-10-01,10307.2
Manisa,2023-01-01,12555.2
Manisa,2023-04-01,15258.9
Manisa,2023-07-01,17441.6
Manisa,2023-10-01,20155.7
Manisa,2024-01-01,22197.6
Manisa,2024-04-01,22701.7
Manisa,2024-07-01,24602.9
Manisa,2024-10-01,27752.7
Manisa,2025-01-01,30470.4
Manisa,2025-04-01,32481.5
Manisa,2025-07-01,34962.5
Manisa,2025-10-01,37245.7
Manisa,2026-01-01,39554.8
Manisa,2026-04-01,42064.1
Mardin,2014-01-01,801.0
Mardin,2014-04-01,842.5
Mardin,2014-07-01,853.0
Mardin,2014-10-01,878.0
Mardin,2015-01-01,928.0
Mardin,2015-04-01,883.0
Mardin,2015-07-01,867.0
Mardin,2015-10-01,870.0
Mardin,2016-01-01,876.0
Mardin,2016-04-01,890.5
Mardin,2016-07-01,844.0
Mardin,2016-10-01,851.0
Mardin,2017-01-01,843.0
Mardin,2017-04-01,870.0
Mardin,2017-07-01,906.0
Mardin,2017-10-01,862.0
Mardin,2018-01-01,872.0
Mardin,2018-04-01,908.0
Mardin,2018-07-01,903.0
Mardin,2018-10-01,857.0
Mardin,2019-01-01,949.0
Mardin,2019-04-01,946.5
Mardin,2019-07-01,1012.0
Mardin,2019-10-01,1028.0
Mardin,2020-01-01,1100.0
Mardin,2020-04-01,1263.5
Mardin,2020-07-01,1353.0
Mardin,2020-10-01,1474.0
Mardin,2021-01-01,1501.5
Mardin,2021-04-01,1856.0
Mardin,2021-07-01,2032.0
Mardin,2021-10-01,2419.0
Mardin,2022-01-01,3205.5
Mardin,2022-04-01,4353.0
Mardin,2022-07-01,5653.0
Mardin,2022-10-01,6333.0
Mardin,2023-01-01,7895.0
Mardin,2023-04-01,8951.0
Mardin,2023-07-01,10625.0
Mardin,2023-10-01,12093.0
Mardin,2024-01-01,12500.0
Mardin,2024-04-01,14523.0
Mardin,2024-07-01,14857.0
Mardin,2024-10-01,14803.0
Mardin,2025-01-01,16194.0
Mardin,2025-04-01,17500.0
Mardin,2025-07-01,18571.0
Mardin,2025-10-01,20338.0
Mardin,2026-01-01,21154.0
Mardin,2026-04-01,23077.0
Mersin,2013-01-01,847.6
Mersin,2013-04-01,872.8
Mersin,2013-07-01,890.5
Mersin,2013-10-01,912.8
Mersin,2014-01-01,934.6
Mersin,2014-04-01,959.0
Mersin,2014-07-01,1001.0
Mersin,2014-10-01,1016.8
Mersin,2015-01-01,1054.6
Mersin,2015-04-01,1110.9
Mersin,2015-07-01,1170.0
Mersin,2015-10-01,1191.1
Mersin,2016-01-01,1263.4
Mersin,2016-04-01,1309.6
Mersin,2016-07-01,1396.5
Mersin,2016-10-01,1437.6
Mersin,2017-01-01,1500.9
Mersin,2017-04-01,1549.8
Mersin,2017-07-01,1622.2
Mersin,2017-10-01,1690.5
Mersin,2018-01-01,1760.5
Mersin,2018-04-01,1837.7
Mersin,2018-07-01,1881.8
Mersin,2018-10-01,1892.9
Mersin,2019-01-01,1890.1
Mersin,2019-04-01,1868.0
Mersin,2019-07-01,1993.9
Mersin,2019-10-01,2003.4
Mersin,2020-01-01,2101.6
Mersin,2020-04-01,2275.7
Mersin,2020-07-01,2367.1
Mersin,2020-10-01,2488.5
Mersin,2021-01-01,2633.5
Mersin,2021-04-01,2937.3
Mersin,2021-07-01,3322.6
Mersin,2021-10-01,4105.9
Mersin,2022-01-01,5775.7
Mersin,2022-04-01,8057.4
Mersin,2022-07-01,10513.8
Mersin,2022-10-01,12354.3
Mersin,2023-01-01,15678.7
Mersin,2023-04-01,18095.4
Mersin,2023-07-01,21009.8
Mersin,2023-10-01,22589.1
Mersin,2024-01-01,23824.1
Mersin,2024-04-01,26026.6
Mersin,2024-07-01,26798.2
Mersin,2024-10-01,27992.1
Mersin,2025-01-01,29486.5
Mersin,2025-04-01,30783.1
Mersin,2025-07-01,32830.2
Mersin,2025-10-01,35476.4
Mersin,2026-01-01,37067.6
Mersin,2026-04-01,38741.5
Muğla,2013-01-01,1508.6
Muğla,2013-04-01,1592.6
Muğla,2013-07-01,1703.1
Muğla,2013-10-01,1657.6
Muğla,2014-01-01,1754.4
Muğla,2014-04-01,1909.2
Muğla,2014-07-01,2031.6
Muğla,2014-10-01,1996.6
Muğla,2015-01-01,2086.4
Muğla,2015-04-01,2450.5
Muğla,2015-07-01,2589.0
Muğla,2015-10-01,2568.8
Muğla,2016-01-01,2729.4
Muğla,2016-04-01,2882.5
Muğla,2016-07-01,3053.8
Muğla,2016-10-01,2941.1
Muğla,2017-01-01,3119.9
Muğla,2017-04-01,3314.7
Muğla,2017-07-01,3551.0
Muğla,2017-10-01,3444.1
Muğla,2018-01-01,3454.9
Muğla,2018-04-01,3783.6
Muğla,2018-07-01,4037.8
Muğla,2018-10-01,4394.9
Muğla,2019-01-01,3925.4
Muğla,2019-04-01,4659.7
Muğla,2019-07-01,4332.0
Muğla,2019-10-01,4323.5
Muğla,2020-01-01,4779.7
Muğla,2020-04-01,5503.4
Muğla,2020-07-01,6242.4
Muğla,2020-10-01,6829.6
Muğla,2021-01-01,7577.1
Muğla,2021-04-01,9512.8
Muğla,2021-07-01,10561.2
Muğla,2021-10-01,11496.3
Muğla,2022-01-01,18540.4
Muğla,2022-04-01,24268.9
Muğla,2022-07-01,31878.6
Muğla,2022-10-01,33249.9
Muğla,2023-01-01,39243.0
Muğla,2023-04-01,47475.1
Muğla,2023-07-01,58708.1
Muğla,2023-10-01,63115.6
Muğla,2024-01-01,61724.6
Muğla,2024-04-01,72072.5
Muğla,2024-07-01,64775.5
Muğla,2024-10-01,65482.9
Muğla,2025-01-01,66547.4
Muğla,2025-04-01,79077.4
Muğla,2025-07-01,74391.9
Muğla,2025-10-01,76618.8
Muğla,2026-01-01,79109.6
Muğla,2026-04-01,82419.7
Muş,2023-01-01,7566.0
Muş,2023-04-01,8533.5
Muş,2023-07-01,10361.0
Muş,2023-10-01,12171.0
Muş,2024-01-01,13092.0
Muş,2024-04-01,15823.0
Muş,2024-07-01,13636.0
Muş,2024-10-01,16267.0
Muş,2025-01-01,20441.5
Muş,2025-04-01,20000.0
Muş,2025-07-01,22581.0
Muş,2025-10-01,25806.0
Muş,2026-01-01,26396.0
Muş,2026-04-01,27632.5
Nevşehir,2013-01-01,882.0
Nevşehir,2013-04-01,924.0
Nevşehir,2013-07-01,956.0
Nevşehir,2013-10-01,976.0
Nevşehir,2014-01-01,977.5
Nevşehir,2014-04-01,1018.0
Nevşehir,2014-07-01,1037.5
Nevşehir,2014-10-01,1008.0
Nevşehir,2015-01-01,1008.0
Nevşehir,2015-04-01,1077.5
Nevşehir,2015-07-01,1087.0
Nevşehir,2015-10-01,1081.0
Nevşehir,2016-01-01,1065.0
Nevşehir,2016-04-01,1102.0
Nevşehir,2016-07-01,1101.0
Nevşehir,2016-10-01,1100.0
Nevşehir,2017-01-01,1172.0
Nevşehir,2017-04-01,1111.0
Nevşehir,2017-07-01,1210.0
Nevşehir,2017-10-01,1254.0
Nevşehir,2018-01-01,1270.5
Nevşehir,2018-04-01,1310.0
Nevşehir,2018-07-01,1365.0
Nevşehir,2018-10-01,1399.5
Nevşehir,2019-01-01,1369.0
Nevşehir,2019-04-01,1453.0
Nevşehir,2019-07-01,1546.0
Nevşehir,2019-10-01,1731.0
Nevşehir,2020-01-01,1875.0
Nevşehir,2020-04-01,2129.5
Nevşehir,2020-07-01,2279.0
Nevşehir,2020-10-01,2643.5
Nevşehir,2021-01-01,2692.5
Nevşehir,2021-04-01,2826.0
Nevşehir,2021-07-01,3171.5
Nevşehir,2021-10-01,3942.5
Nevşehir,2022-01-01,5000.0
Nevşehir,2022-04-01,6993.0
Nevşehir,2022-07-01,8485.0
Nevşehir,2022-10-01,9741.0
Nevşehir,2023-01-01,11513.0
Nevşehir,2023-04-01,13605.0
Nevşehir,2023-07-01,16216.0
Nevşehir,2023-10-01,21520.5
Nevşehir,2024-01-01,20911.0
Nevşehir,2024-04-01,23196.5
Nevşehir,2024-07-01,23214.0
Nevşehir,2024-10-01,25735.0
Nevşehir,2025-01-01,25806.0
Nevşehir,2025-04-01,28571.0
Nevşehir,2025-07-01,29762.0
Nevşehir,2025-10-01,32208.5
Nevşehir,2026-01-01,33721.0
Nevşehir,2026-04-01,37056.0
Niğde,2013-01-01,793.0
Niğde,2013-04-01,813.0
Niğde,2013-07-01,800.0
Niğde,2013-10-01,833.0
Niğde,2014-01-01,857.5
Niğde,2014-04-01,857.0
Niğde,2014-07-01,880.0
Niğde,2014-10-01,909.0
Niğde,2015-01-01,902.0
Niğde,2015-04-01,956.0
Niğde,2015-07-01,978.0
Niğde,2015-10-01,1000.0
Niğde,2016-01-01,1000.0
Niğde,2016-04-01,1014.0
Niğde,2016-07-01,1025.0
Niğde,2016-10-01,1045.0
Niğde,2017-01-01,1087.0
Niğde,2017-04-01,1094.0
Niğde,2017-07-01,1124.0
Niğde,2017-10-01,1156.5
Niğde,2018-01-01,1151.0
Niğde,2018-04-01,1188.5
Niğde,2018-07-01,1250.0
Niğde,2018-10-01,1238.0
Niğde,2019-01-01,1311.0
Niğde,2019-04-01,1269.0
Niğde,2019-07-01,1331.0
Niğde,2019-10-01,1357.0
Niğde,2020-01-01,1429.0
Niğde,2020-04-01,1592.5
Niğde,2020-07-01,1630.0
Niğde,2020-10-01,1789.0
Niğde,2021-01-01,1812.0
Niğde,2021-04-01,2114.0
Niğde,2021-07-01,2204.0
Niğde,2021-10-01,2771.5
Niğde,2022-01-01,3815.0
Niğde,2022-04-01,5097.0
Niğde,2022-07-01,6395.5
Niğde,2022-10-01,7353.0
Niğde,2023-01-01,9045.0
Niğde,2023-04-01,10236.5
Niğde,2023-07-01,12632.0
Niğde,2023-10-01,13444.0
Niğde,2024-01-01,16667.0
Niğde,2024-04-01,16148.0
Niğde,2024-07-01,19056.5
Niğde,2024-10-01,20296.0
Niğde,2025-01-01,22026.0
Niğde,2025-04-01,23529.0
Niğde,2025-07-01,25984.0
Niğde,2025-10-01,26860.0
Niğde,2026-01-01,30060.0
Niğde,2026-04-01,31828.5
Ordu,2013-01-01,840.0
Ordu,2013-04-01,873.5
Ordu,2013-07-01,901.5
Ordu,2013-10-01,877.5
Ordu,2014-01-01,852.3
Ordu,2014-04-01,867.6
Ordu,2014-07-01,903.3
Ordu,2014-10-01,892.0
Ordu,2015-01-01,1037.3
Ordu,2015-04-01,1086.5
Ordu,2015-07-01,1135.7
Ordu,2015-10-01,1131.0
Ordu,2016-01-01,1206.2
Ordu,2016-04-01,1272.6
Ordu,2016-07-01,1382.3
Ordu,2016-10-01,1403.8
Ordu,2017-01-01,1497.3
Ordu,2017-04-01,1585.7
Ordu,2017-07-01,1648.2
Ordu,2017-10-01,1687.0
Ordu,2018-01-01,1713.1
Ordu,2018-04-01,1770.9
Ordu,2018-07-01,1796.7
Ordu,2018-10-01,1816.8
Ordu,2019-01-01,1843.2
Ordu,2019-04-01,1848.3
Ordu,2019-07-01,1966.3
Ordu,2019-10-01,1950.3
Ordu,2020-01-01,2115.1
Ordu,2020-04-01,2342.9
Ordu,2020-07-01,2379.2
Ordu,2020-10-01,2348.7
Ordu,2021-01-01,2642.8
Ordu,2021-04-01,2812.5
Ordu,2021-07-01,3124.7
Ordu,2021-10-01,3749.5
Ordu,2022-01-01,4712.4
Ordu,2022-04-01,6479.0
Ordu,2022-07-01,8075.0
Ordu,2022-10-01,9334.0
Ordu,2023-01-01,12320.1
Ordu,2023-04-01,14660.8
Ordu,2023-07-01,17468.5
Ordu,2023-10-01,17908.7
Ordu,2024-01-01,21810.1
Ordu,2024-04-01,23140.1
Ordu,2024-07-01,25314.0
Ordu,2024-10-01,26996.7
Ordu,2025-01-01,28414.9
Ordu,2025-04-01,31258.8
Ordu,2025-07-01,33090.9
Ordu,2025-10-01,35111.6
Ordu,2026-01-01,37238.7
Ordu,2026-04-01,40298.4
Osmaniye,2013-01-01,781.0
Osmaniye,2013-04-01,796.0
Osmaniye,2013-07-01,839.0
Osmaniye,2013-10-01,850.0
Osmaniye,2014-01-01,851.0
Osmaniye,2014-04-01,891.0
Osmaniye,2014-07-01,929.0
Osmaniye,2014-10-01,931.0
Osmaniye,2015-01-01,931.0
Osmaniye,2015-04-01,961.5
Osmaniye,2015-07-01,1000.0
Osmaniye,2015-10-01,1006.0
Osmaniye,2016-01-01,1000.0
Osmaniye,2016-04-01,1009.0
Osmaniye,2016-07-01,1008.5
Osmaniye,2016-10-01,1047.5
Osmaniye,2017-01-01,1081.0
Osmaniye,2017-04-01,1100.0
Osmaniye,2017-07-01,1122.0
Osmaniye,2017-10-01,1118.0
Osmaniye,2018-01-01,1159.0
Osmaniye,2018-04-01,1226.5
Osmaniye,2018-07-01,1229.0
Osmaniye,2018-10-01,1231.0
Osmaniye,2019-01-01,1312.0
Osmaniye,2019-04-01,1338.0
Osmaniye,2019-07-01,1387.0
Osmaniye,2019-10-01,1447.0
Osmaniye,2020-01-01,1543.5
Osmaniye,2020-04-01,1750.0
Osmaniye,2020-07-01,1852.0
Osmaniye,2020-10-01,1977.0
Osmaniye,2021-01-01,2250.0
Osmaniye,2021-04-01,2324.0
Osmaniye,2021-07-01,2564.0
Osmaniye,2021-10-01,3000.0
Osmaniye,2022-01-01,3918.0
Osmaniye,2022-04-01,5069.5
Osmaniye,2022-07-01,6215.0
Osmaniye,2022-10-01,7031.0
Osmaniye,2023-01-01,8265.0
Osmaniye,2023-04-01,10000.0
Osmaniye,2023-07-01,11647.5
Osmaniye,2023-10-01,13559.5
Osmaniye,2024-01-01,14583.0
Osmaniye,2024-04-01,17836.0
Osmaniye,2024-07-01,18519.0
Osmaniye,2024-10-01,18800.0
Osmaniye,2025-01-01,19000.0
Osmaniye,2025-04-01,20458.5
Osmaniye,2025-07-01,21622.0
Osmaniye,2025-10-01,23418.5
Osmaniye,2026-01-01,24768.0
Osmaniye,2026-04-01,25490.0
Rize,2013-01-01,1143.0
Rize,2013-04-01,1181.0
Rize,2013-07-01,1200.0
Rize,2013-10-01,1125.0
Rize,2014-01-01,1190.0
Rize,2014-04-01,1170.5
Rize,2014-07-01,1250.0
Rize,2014-10-01,1269.0
Rize,2015-01-01,1320.5
Rize,2015-04-01,1364.0
Rize,2015-07-01,1353.0
Rize,2015-10-01,1393.0
Rize,2016-01-01,1504.0
Rize,2016-04-01,1450.0
Rize,2016-07-01,1500.0
Rize,2016-10-01,1600.0
Rize,2017-01-01,1643.0
Rize,2017-04-01,1688.0
Rize,2017-07-01,1842.0
Rize,2017-10-01,1856.0
Rize,2018-01-01,1923.0
Rize,2018-04-01,2149.5
Rize,2018-07-01,2319.5
Rize,2018-10-01,1930.0
Rize,2019-01-01,2028.0
Rize,2019-04-01,2083.5
Rize,2019-07-01,2199.0
Rize,2019-10-01,2242.5
Rize,2020-01-01,2416.0
Rize,2020-04-01,2800.0
Rize,2020-07-01,2632.0
Rize,2020-10-01,2648.5
Rize,2021-01-01,3134.0
Rize,2021-04-01,3056.0
Rize,2021-07-01,3233.0
Rize,2021-10-01,3814.0
Rize,2022-01-01,4895.0
Rize,2022-04-01,6707.0
Rize,2022-07-01,8187.5
Rize,2022-10-01,9167.0
Rize,2023-01-01,12988.5
Rize,2023-04-01,14583.0
Rize,2023-07-01,18063.0
Rize,2023-10-01,21200.0
Rize,2024-01-01,20431.5
Rize,2024-04-01,21731.5
Rize,2024-07-01,25316.0
Rize,2024-10-01,25990.0
Rize,2025-01-01,28996.0
Rize,2025-04-01,31469.0
Rize,2025-07-01,32000.0
Rize,2025-10-01,35969.0
Rize,2026-01-01,38462.0
Rize,2026-04-01,35484.0
Sakarya,2013-01-01,968.0
Sakarya,2013-04-01,1000.0
Sakarya,2013-07-01,1053.0
Sakarya,2013-10-01,1052.0
Sakarya,2014-01-01,1048.5
Sakarya,2014-04-01,1115.5
Sakarya,2014-07-01,1182.5
Sakarya,2014-10-01,1155.0
Sakarya,2015-01-01,1134.1
Sakarya,2015-04-01,1211.4
Sakarya,2015-07-01,1307.8
Sakarya,2015-10-01,1376.5
Sakarya,2016-01-01,1474.9
Sakarya,2016-04-01,1618.8
Sakarya,2016-07-01,1640.3
Sakarya,2016-10-01,1751.3
Sakarya,2017-01-01,1800.5
Sakarya,2017-04-01,1923.0
Sakarya,2017-07-01,1925.6
Sakarya,2017-10-01,1920.9
Sakarya,2018-01-01,1950.2
Sakarya,2018-04-01,1985.7
Sakarya,2018-07-01,2037.1
Sakarya,2018-10-01,2141.3
Sakarya,2019-01-01,2080.9
Sakarya,2019-04-01,1992.6
Sakarya,2019-07-01,2078.0
Sakarya,2019-10-01,2188.2
Sakarya,2020-01-01,2184.0
Sakarya,2020-04-01,2317.5
Sakarya,2020-07-01,2471.5
Sakarya,2020-10-01,2469.0
Sakarya,2021-01-01,2795.0
Sakarya,2021-04-01,3023.0
Sakarya,2021-07-01,3500.0
Sakarya,2021-10-01,4000.0
Sakarya,2022-01-01,5485.0
Sakarya,2022-04-01,7522.0
Sakarya,2022-07-01,9596.0
Sakarya,2022-10-01,10909.0
Sakarya,2023-01-01,13889.0
Sakarya,2023-04-01,16216.0
Sakarya,2023-07-01,20000.0
Sakarya,2023-10-01,22767.0
Sakarya,2024-01-01,23548.0
Sakarya,2024-04-01,26190.0
Sakarya,2024-07-01,27120.0
Sakarya,2024-10-01,27778.0
Sakarya,2025-01-01,30684.5
Sakarya,2025-04-01,33333.0
Sakarya,2025-07-01,34594.5
Sakarya,2025-10-01,37366.0
Sakarya,2026-01-01,39348.0
Sakarya,2026-04-01,41982.0
Samsun,2013-01-01,938.0
Samsun,2013-04-01,946.0
Samsun,2013-07-01,942.0
Samsun,2013-10-01,948.0
Samsun,2014-01-01,950.5
Samsun,2014-04-01,993.0
Samsun,2014-07-01,989.0
Samsun,2014-10-01,1000.0
Samsun,2015-01-01,1014.8
Samsun,2015-04-01,1039.3
Samsun,2015-07-01,1084.8
Samsun,2015-10-01,1079.8
Samsun,2016-01-01,1108.5
Samsun,2016-04-01,1169.0
Samsun,2016-07-01,1197.2
Samsun,2016-10-01,1239.8
Samsun,2017-01-01,1260.9
Samsun,2017-04-01,1317.8
Samsun,2017-07-01,1384.9
Samsun,2017-10-01,1444.6
Samsun,2018-01-01,1499.5
Samsun,2018-04-01,1564.5
Samsun,2018-07-01,1631.0
Samsun,2018-10-01,1696.2
Samsun,2019-01-01,1758.0
Samsun,2019-04-01,1737.2
Samsun,2019-07-01,1851.4
Samsun,2019-10-01,1874.3
Samsun,2020-01-01,1995.8
Samsun,2020-04-01,2210.0
Samsun,2020-07-01,2300.4
Samsun,2020-10-01,2410.9
Samsun,2021-01-01,2583.8
Samsun,2021-04-01,2776.6
Samsun,2021-07-01,3167.3
Samsun,2021-10-01,3680.7
Samsun,2022-01-01,4992.7
Samsun,2022-04-01,6769.9
Samsun,2022-07-01,8277.7
Samsun,2022-10-01,9725.8
Samsun,2023-01-01,12229.3
Samsun,2023-04-01,13854.9
Samsun,2023-07-01,15614.2
Samsun,2023-10-01,18279.2
Samsun,2024-01-01,20104.5
Samsun,2024-04-01,21351.5
Samsun,2024-07-01,23313.9
Samsun,2024-10-01,24910.8
Samsun,2025-01-01,27020.4
Samsun,2025-04-01,28377.2
Samsun,2025-07-01,30612.5
Samsun,2025-10-01,33265.7
Samsun,2026-01-01,34373.7
Samsun,2026-04-01,37326.0
Siirt,2014-01-01,926.0
Siirt,2014-04-01,953.0
Siirt,2014-07-01,1000.0
Siirt,2014-10-01,994.5
Siirt,2015-01-01,1014.0
Siirt,2015-04-01,1030.5
Siirt,2015-07-01,1015.5
Siirt,2015-10-01,1000.0
Siirt,2016-01-01,1000.0
Siirt,2016-04-01,1000.0
Siirt,2016-07-01,1032.0
Siirt,2016-10-01,1013.0
Siirt,2017-01-01,1037.0
Siirt,2017-04-01,1010.0
Siirt,2017-07-01,1068.0
Siirt,2017-10-01,1086.0
Siirt,2018-01-01,1100.0
Siirt,2018-04-01,1133.0
Siirt,2018-07-01,1207.0
Siirt,2018-10-01,1211.0
Siirt,2019-01-01,1250.0
Siirt,2019-04-01,1233.0
Siirt,2019-07-01,1267.5
Siirt,2019-10-01,1319.0
Siirt,2020-01-01,1409.0
Siirt,2020-04-01,1563.0
Siirt,2020-07-01,1692.0
Siirt,2020-10-01,1765.0
Siirt,2021-01-01,1921.0
Siirt,2021-04-01,2078.0
Siirt,2021-07-01,2252.0
Siirt,2021-10-01,2500.0
Siirt,2022-01-01,2969.0
Siirt,2022-04-01,4000.0
Siirt,2022-07-01,4684.0
Siirt,2022-10-01,5806.0
Siirt,2023-01-01,6500.0
Siirt,2023-04-01,8204.5
Siirt,2023-07-01,9639.0
Siirt,2023-10-01,10214.0
Siirt,2024-01-01,12653.5
Siirt,2024-04-01,13000.0
Siirt,2024-07-01,14179.0
Siirt,2024-10-01,16154.0
Siirt,2025-01-01,17213.0
Siirt,2025-04-01,20570.0
Siirt,2025-07-01,21481.0
Siirt,2025-10-01,22727.0
Siirt,2026-01-01,25000.0
Siirt,2026-04-01,26589.0
Sinop,2014-01-01,1000.0
Sinop,2014-04-01,1000.0
Sinop,2014-07-01,1131.0
Sinop,2014-10-01,1125.0
Sinop,2015-01-01,1148.0
Sinop,2015-04-01,1176.0
Sinop,2015-07-01,1231.0
Sinop,2015-10-01,1250.0
Sinop,2016-01-01,1250.0
Sinop,2016-04-01,1302.0
Sinop,2016-07-01,1280.0
Sinop,2016-10-01,1333.0
Sinop,2017-01-01,1351.0
Sinop,2017-04-01,1444.0
Sinop,2017-07-01,1446.0
Sinop,2017-10-01,1489.0
Sinop,2018-01-01,1667.0
Sinop,2018-04-01,1773.0
Sinop,2018-07-01,1752.0
Sinop,2018-10-01,1761.0
Sinop,2019-01-01,1845.0
Sinop,2019-04-01,1978.5
Sinop,2019-07-01,2076.5
Sinop,2019-10-01,2135.0
Sinop,2020-01-01,2222.0
Sinop,2020-04-01,2583.0
Sinop,2020-07-01,2607.0
Sinop,2020-10-01,2465.0
Sinop,2021-01-01,2697.5
Sinop,2021-04-01,3000.0
Sinop,2021-07-01,3216.5
Sinop,2021-10-01,3790.0
Sinop,2022-01-01,4753.0
Sinop,2022-04-01,6613.5
Sinop,2022-07-01,8050.5
Sinop,2022-10-01,9292.0
Sinop,2023-01-01,11972.0
Sinop,2023-04-01,13672.0
Sinop,2023-07-01,18257.5
Sinop,2023-10-01,20765.0
Sinop,2024-01-01,22609.0
Sinop,2024-04-01,24519.0
Sinop,2024-07-01,26084.0
Sinop,2024-10-01,28182.0
Sinop,2025-01-01,29452.0
Sinop,2025-04-01,30000.0
Sinop,2025-07-01,33333.0
Sinop,2025-10-01,35780.0
Sinop,2026-01-01,39091.0
Sinop,2026-04-01,39296.5
Sivas,2013-01-01,889.0
Sivas,2013-04-01,944.0
Sivas,2013-07-01,985.5
Sivas,2013-10-01,972.0
Sivas,2014-01-01,1000.0
Sivas,2014-04-01,1040.0
Sivas,2014-07-01,1106.0
Sivas,2014-10-01,1133.0
Sivas,2015-01-01,1159.0
Sivas,2015-04-01,1200.0
Sivas,2015-07-01,1171.5
Sivas,2015-10-01,1202.5
Sivas,2016-01-01,1221.0
Sivas,2016-04-01,1220.0
Sivas,2016-07-01,1235.0
Sivas,2016-10-01,1250.0
Sivas,2017-01-01,1278.0
Sivas,2017-04-01,1328.0
Sivas,2017-07-01,1221.0
Sivas,2017-10-01,1350.0
Sivas,2018-01-01,1389.0
Sivas,2018-04-01,1389.0
Sivas,2018-07-01,1391.0
Sivas,2018-10-01,1402.0
Sivas,2019-01-01,1455.5
Sivas,2019-04-01,1463.5
Sivas,2019-07-01,1523.0
Sivas,2019-10-01,1557.0
Sivas,2020-01-01,1613.0
Sivas,2020-04-01,1776.0
Sivas,2020-07-01,1830.0
Sivas,2020-10-01,1920.0
Sivas,2021-01-01,2098.0
Sivas,2021-04-01,2227.0
Sivas,2021-07-01,2439.0
Sivas,2021-10-01,2941.0
Sivas,2022-01-01,3767.0
Sivas,2022-04-01,5344.0
Sivas,2022-07-01,6356.0
Sivas,2022-10-01,7042.0
Sivas,2023-01-01,9333.0
Sivas,2023-04-01,10417.0
Sivas,2023-07-01,12646.5
Sivas,2023-10-01,14623.0
Sivas,2024-01-01,15597.0
Sivas,2024-04-01,17600.0
Sivas,2024-07-01,18750.0
Sivas,2024-10-01,19810.5
Sivas,2025-01-01,21555.5
Sivas,2025-04-01,23188.0
Sivas,2025-07-01,25184.5
Sivas,2025-10-01,27397.0
Sivas,2026-01-01,28169.0
Sivas,2026-04-01,29968.0
Tekirdağ,2013-01-01,908.6
Tekirdağ,2013-04-01,946.7
Tekirdağ,2013-07-01,970.5
Tekirdağ,2013-10-01,963.0
Tekirdağ,2014-01-01,934.4
Tekirdağ,2014-04-01,963.9
Tekirdağ,2014-07-01,1000.0
Tekirdağ,2014-10-01,1033.4
Tekirdağ,2015-01-01,1105.0
Tekirdağ,2015-04-01,1170.3
Tekirdağ,2015-07-01,1250.5
Tekirdağ,2015-10-01,1300.7
Tekirdağ,2016-01-01,1341.9
Tekirdağ,2016-04-01,1436.2
Tekirdağ,2016-07-01,1532.2
Tekirdağ,2016-10-01,1615.6
Tekirdağ,2017-01-01,1645.5
Tekirdağ,2017-04-01,1751.4
Tekirdağ,2017-07-01,1817.4
Tekirdağ,2017-10-01,1849.9
Tekirdağ,2018-01-01,1906.5
Tekirdağ,2018-04-01,2031.4
Tekirdağ,2018-07-01,2146.2
Tekirdağ,2018-10-01,2311.1
Tekirdağ,2019-01-01,2063.7
Tekirdağ,2019-04-01,2027.9
Tekirdağ,2019-07-01,2172.0
Tekirdağ,2019-10-01,2180.7
Tekirdağ,2020-01-01,2293.9
Tekirdağ,2020-04-01,2542.4
Tekirdağ,2020-07-01,2557.8
Tekirdağ,2020-10-01,2671.6
Tekirdağ,2021-01-01,2803.3
Tekirdağ,2021-04-01,2952.2
Tekirdağ,2021-07-01,3281.9
Tekirdağ,2021-10-01,3825.8
Tekirdağ,2022-01-01,5312.6
Tekirdağ,2022-04-01,7411.1
Tekirdağ,2022-07-01,10072.6
Tekirdağ,2022-10-01,11575.3
Tekirdağ,2023-01-01,14711.6
Tekirdağ,2023-04-01,17533.3
Tekirdağ,2023-07-01,19849.5
Tekirdağ,2023-10-01,22394.7
Tekirdağ,2024-01-01,24581.4
Tekirdağ,2024-04-01,25233.3
Tekirdağ,2024-07-01,27349.8
Tekirdağ,2024-10-01,29252.2
Tekirdağ,2025-01-01,31982.5
Tekirdağ,2025-04-01,33541.7
Tekirdağ,2025-07-01,35931.3
Tekirdağ,2025-10-01,37561.1
Tekirdağ,2026-01-01,38996.9
Tekirdağ,2026-04-01,42041.0
Tokat,2013-01-01,857.0
Tokat,2013-04-01,862.0
Tokat,2013-07-01,885.0
Tokat,2013-10-01,906.0
Tokat,2014-01-01,869.0
Tokat,2014-04-01,930.0
Tokat,2014-07-01,955.0
Tokat,2014-10-01,962.0
Tokat,2015-01-01,1038.0
Tokat,2015-04-01,1000.0
Tokat,2015-07-01,1057.5
Tokat,2015-10-01,1129.5
Tokat,2016-01-01,1158.0
Tokat,2016-04-01,1173.0
Tokat,2016-07-01,1190.0
Tokat,2016-10-01,1205.5
Tokat,2017-01-01,1250.0
Tokat,2017-04-01,1349.0
Tokat,2017-07-01,1353.0
Tokat,2017-10-01,1429.0
Tokat,2018-01-01,1542.0
Tokat,2018-04-01,1565.0
Tokat,2018-07-01,1583.0
Tokat,2018-10-01,1651.0
Tokat,2019-01-01,1633.0
Tokat,2019-04-01,1655.0
Tokat,2019-07-01,1758.0
Tokat,2019-10-01,1824.5
Tokat,2020-01-01,1923.0
Tokat,2020-04-01,2070.0
Tokat,2020-07-01,2167.0
Tokat,2020-10-01,2308.0
Tokat,2021-01-01,2459.0
Tokat,2021-04-01,2634.0
Tokat,2021-07-01,2848.0
Tokat,2021-10-01,3259.5
Tokat,2022-01-01,4167.0
Tokat,2022-04-01,5905.5
Tokat,2022-07-01,7200.0
Tokat,2022-10-01,8261.0
Tokat,2023-01-01,10769.0
Tokat,2023-04-01,12254.0
Tokat,2023-07-01,15179.0
Tokat,2023-10-01,18242.5
Tokat,2024-01-01,19780.0
Tokat,2024-04-01,21307.5
Tokat,2024-07-01,23333.0
Tokat,2024-10-01,24256.5
Tokat,2025-01-01,26316.0
Tokat,2025-04-01,27273.0
Tokat,2025-07-01,28807.0
Tokat,2025-10-01,30868.0
Tokat,2026-01-01,33173.0
Tokat,2026-04-01,36017.0
Trabzon,2013-01-01,1000.0
Trabzon,2013-04-01,1045.0
Trabzon,2013-07-01,1065.0
Trabzon,2013-10-01,1013.0
Trabzon,2014-01-01,1070.0
Trabzon,2014-04-01,1087.0
Trabzon,2014-07-01,1121.0
Trabzon,2014-10-01,1136.0
Trabzon,2015-01-01,1151.0
Trabzon,2015-04-01,1237.5
Trabzon,2015-07-01,1286.0
Trabzon,2015-10-01,1307.5
Trabzon,2016-01-01,1304.0
Trabzon,2016-04-01,1379.0
Trabzon,2016-07-01,1422.0
Trabzon,2016-10-01,1447.0
Trabzon,2017-01-01,1554.7
Trabzon,2017-04-01,1648.0
Trabzon,2017-07-01,1701.2
Trabzon,2017-10-01,1759.7
Trabzon,2018-01-01,1797.3
Trabzon,2018-04-01,1860.7
Trabzon,2018-07-01,1841.4
Trabzon,2018-10-01,1920.5
Trabzon,2019-01-01,1943.9
Trabzon,2019-04-01,1859.9
Trabzon,2019-07-01,2000.0
Trabzon,2019-10-01,2063.4
Trabzon,2020-01-01,2083.0
Trabzon,2020-04-01,2320.0
Trabzon,2020-07-01,2400.0
Trabzon,2020-10-01,2432.0
Trabzon,2021-01-01,2680.0
Trabzon,2021-04-01,2786.0
Trabzon,2021-07-01,2964.5
Trabzon,2021-10-01,3519.0
Trabzon,2022-01-01,4615.0
Trabzon,2022-04-01,6348.0
Trabzon,2022-07-01,7778.0
Trabzon,2022-10-01,9286.0
Trabzon,2023-01-01,12000.0
Trabzon,2023-04-01,13600.0
Trabzon,2023-07-01,17544.0
Trabzon,2023-10-01,21364.0
Trabzon,2024-01-01,21199.0
Trabzon,2024-04-01,23930.5
Trabzon,2024-07-01,24074.0
Trabzon,2024-10-01,25310.0
Trabzon,2025-01-01,26316.0
Trabzon,2025-04-01,28409.0
Trabzon,2025-07-01,30063.0
Trabzon,2025-10-01,33333.0
Trabzon,2026-01-01,34866.0
Trabzon,2026-04-01,36899.0
Türkiye,2013-01-01,1356.4
Türkiye,2013-04-01,1411.3
Türkiye,2013-07-01,1464.6
Türkiye,2013-10-01,1526.5
Türkiye,2014-01-01,1570.2
Türkiye,2014-04-01,1636.7
Türkiye,2014-07-01,1741.9
Türkiye,2014-10-01,1815.9
Türkiye,2015-01-01,1924.0
Türkiye,2015-04-01,2030.3
Türkiye,2015-07-01,2105.1
Türkiye,2015-10-01,2217.2
Türkiye,2016-01-01,2303.1
Türkiye,2016-04-01,2408.7
Türkiye,2016-07-01,2527.1
Türkiye,2016-10-01,2561.7
Türkiye,2017-01-01,2638.4
Türkiye,2017-04-01,2753.8
Türkiye,2017-07-01,2789.0
Türkiye,2017-10-01,2824.5
Türkiye,2018-01-01,2839.4
Türkiye,2018-04-01,2907.3
Türkiye,2018-07-01,2946.9
Türkiye,2018-10-01,3050.3
Türkiye,2019-01-01,2889.3
Türkiye,2019-04-01,2887.5
Türkiye,2019-07-01,2962.5
Türkiye,2019-10-01,3060.4
Türkiye,2020-01-01,3199.8
Türkiye,2020-04-01,3464.4
Türkiye,2020-07-01,3669.9
Türkiye,2020-10-01,3972.0
Türkiye,2021-01-01,4144.9
Türkiye,2021-04-01,4490.7
Türkiye,2021-07-01,4895.0
Türkiye,2021-10-01,5936.2
Türkiye,2022-01-01,8518.1
Türkiye,2022-04-01,11805.9
Türkiye,2022-07-01,14848.3
Türkiye,2022-10-01,16728.8
Türkiye,2023-01-01,20784.9
Türkiye,2023-04-01,23935.0
Türkiye,2023-07-01,28149.0
Türkiye,2023-10-01,30943.0
Türkiye,2024-01-01,30511.1
Türkiye,2024-04-01,32433.5
Türkiye,2024-07-01,33892.0
Türkiye,2024-10-01,36061.3
Türkiye,2025-01-01,37687.6
Türkiye,2025-04-01,39697.0
Türkiye,2025-07-01,42548.8
Türkiye,2025-10-01,45447.1
Türkiye,2026-01-01,48290.6
Türkiye,2026-04-01,51885.9
Uşak,2013-01-01,872.0
Uşak,2013-04-01,945.0
Uşak,2013-07-01,966.0
Uşak,2013-10-01,1000.0
Uşak,2014-01-01,1008.0
Uşak,2014-04-01,1071.0
Uşak,2014-07-01,1087.0
Uşak,2014-10-01,1167.0
Uşak,2015-01-01,1182.0
Uşak,2015-04-01,1184.0
Uşak,2015-07-01,1281.0
Uşak,2015-10-01,1299.0
Uşak,2016-01-01,1314.0
Uşak,2016-04-01,1333.0
Uşak,2016-07-01,1410.0
Uşak,2016-10-01,1393.0
Uşak,2017-01-01,1389.0
Uşak,2017-04-01,1481.0
Uşak,2017-07-01,1487.0
Uşak,2017-10-01,1500.0
Uşak,2018-01-01,1554.0
Uşak,2018-04-01,1596.0
Uşak,2018-07-01,1565.5
Uşak,2018-10-01,1505.0
Uşak,2019-01-01,1589.0
Uşak,2019-04-01,1626.5
Uşak,2019-07-01,1697.5
Uşak,2019-10-01,1742.0
Uşak,2020-01-01,1860.0
Uşak,2020-04-01,2031.0
Uşak,2020-07-01,2100.0
Uşak,2020-10-01,2115.0
Uşak,2021-01-01,2368.0
Uşak,2021-04-01,2514.0
Uşak,2021-07-01,2679.0
Uşak,2021-10-01,3230.5
Uşak,2022-01-01,4219.0
Uşak,2022-04-01,5435.0
Uşak,2022-07-01,6911.0
Uşak,2022-10-01,8211.0
Uşak,2023-01-01,10417.0
Uşak,2023-04-01,11818.0
Uşak,2023-07-01,14277.5
Uşak,2023-10-01,16129.0
Uşak,2024-01-01,18217.0
Uşak,2024-04-01,18803.0
Uşak,2024-07-01,20116.5
Uşak,2024-10-01,21635.0
Uşak,2025-01-01,24000.0
Uşak,2025-04-01,24637.5
Uşak,2025-07-01,26042.0
Uşak,2025-10-01,27273.0
Uşak,2026-01-01,29596.0
Uşak,2026-04-01,30526.5
Van,2023-01-01,10948.0
Van,2023-04-01,12942.0
Van,2023-07-01,15076.5
Van,2023-10-01,17022.5
Van,2024-01-01,19113.5
Van,2024-04-01,19901.0
Van,2024-07-01,21061.0
Van,2024-10-01,24467.5
Van,2025-01-01,26174.0
Van,2025-04-01,26946.0
Van,2025-07-01,28571.0
Van,2025-10-01,32381.0
Van,2026-01-01,34258.5
Van,2026-04-01,35714.0
Yalova,2013-01-01,1100.0
Yalova,2013-04-01,1094.0
Yalova,2013-07-01,1038.0
Yalova,2013-10-01,1196.5
Yalova,2014-01-01,1150.5
Yalova,2014-04-01,1186.0
Yalova,2014-07-01,1230.5
Yalova,2014-10-01,1340.0
Yalova,2015-01-01,1451.5
Yalova,2015-04-01,1611.0
Yalova,2015-07-01,1673.5
Yalova,2015-10-01,1761.0
Yalova,2016-01-01,1913.0
Yalova,2016-04-01,1927.0
Yalova,2016-07-01,2000.0
Yalova,2016-10-01,2028.0
Yalova,2017-01-01,2050.5
Yalova,2017-04-01,2030.0
Yalova,2017-07-01,2062.5
Yalova,2017-10-01,2125.0
Yalova,2018-01-01,2196.0
Yalova,2018-04-01,2251.0
Yalova,2018-07-01,2143.0
Yalova,2018-10-01,2197.5
Yalova,2019-01-01,2396.5
Yalova,2019-04-01,2295.0
Yalova,2019-07-01,2273.0
Yalova,2019-10-01,2400.0
Yalova,2020-01-01,2527.0
Yalova,2020-04-01,2700.5
Yalova,2020-07-01,2710.0
Yalova,2020-10-01,2747.0
Yalova,2021-01-01,2963.5
Yalova,2021-04-01,3261.0
Yalova,2021-07-01,3500.0
Yalova,2021-10-01,4486.5
Yalova,2022-01-01,5887.0
Yalova,2022-04-01,8140.0
Yalova,2022-07-01,10000.0
Yalova,2022-10-01,12500.0
Yalova,2023-01-01,15385.0
Yalova,2023-04-01,17241.0
Yalova,2023-07-01,20000.0
Yalova,2023-10-01,23013.0
Yalova,2024-01-01,26136.0
Yalova,2024-04-01,26448.0
Yalova,2024-07-01,26667.0
Yalova,2024-10-01,28750.0
Yalova,2025-01-01,30917.0
Yalova,2025-04-01,32759.0
Yalova,2025-07-01,35417.0
Yalova,2025-10-01,37340.0
Yalova,2026-01-01,39338.0
Yalova,2026-04-01,41176.0
Yozgat,2013-01-01,759.0
Yozgat,2013-04-01,798.5
Yozgat,2013-07-01,818.0
Yozgat,2013-10-01,816.0
Yozgat,2014-01-01,808.0
Yozgat,2014-04-01,833.0
Yozgat,2014-07-01,867.0
Yozgat,2014-10-01,902.5
Yozgat,2015-01-01,893.0
Yozgat,2015-04-01,843.0
Yozgat,2015-07-01,917.0
Yozgat,2015-10-01,917.0
Yozgat,2016-01-01,871.0
Yozgat,2016-04-01,921.5
Yozgat,2016-07-01,931.0
Yozgat,2016-10-01,992.5
Yozgat,2017-01-01,978.0
Yozgat,2017-04-01,1000.0
Yozgat,2017-07-01,1065.0
Yozgat,2017-10-01,1136.0
Yozgat,2018-01-01,1213.0
Yozgat,2018-04-01,1180.0
Yozgat,2018-07-01,1179.0
Yozgat,2018-10-01,1161.0
Yozgat,2019-01-01,1308.0
Yozgat,2019-04-01,1329.5
Yozgat,2019-07-01,1348.0
Yozgat,2019-10-01,1445.5
Yozgat,2020-01-01,1500.0
Yozgat,2020-04-01,1770.0
Yozgat,2020-07-01,1830.0
Yozgat,2020-10-01,1897.0
Yozgat,2021-01-01,2000.0
Yozgat,2021-04-01,2099.0
Yozgat,2021-07-01,2365.0
Yozgat,2021-10-01,2832.0
Yozgat,2022-01-01,3543.0
Yozgat,2022-04-01,4697.0
Yozgat,2022-07-01,6078.5
Yozgat,2022-10-01,7065.0
Yozgat,2023-01-01,8182.0
Yozgat,2023-04-01,9435.0
Yozgat,2023-07-01,13270.5
Yozgat,2023-10-01,14545.0
Yozgat,2024-01-01,15894.0
Yozgat,2024-04-01,16667.0
Yozgat,2024-07-01,17928.5
Yozgat,2024-10-01,19375.0
Yozgat,2025-01-01,19231.0
Yozgat,2025-04-01,20000.0
Yozgat,2025-07-01,22917.0
Yozgat,2025-10-01,24549.5
Yozgat,2026-01-01,25000.0
Yozgat,2026-04-01,26664.5
Zonguldak,2013-01-01,920.0
Zonguldak,2013-04-01,962.0
Zonguldak,2013-07-01,1034.0
Zonguldak,2013-10-01,989.0
Zonguldak,2014-01-01,974.5
Zonguldak,2014-04-01,1002.5
Zonguldak,2014-07-01,1067.0
Zonguldak,2014-10-01,1100.0
Zonguldak,2015-01-01,1102.0
Zonguldak,2015-04-01,1129.0
Zonguldak,2015-07-01,1167.0
Zonguldak,2015-10-01,1207.0
Zonguldak,2016-01-01,1263.0
Zonguldak,2016-04-01,1282.0
Zonguldak,2016-07-01,1333.0
Zonguldak,2016-10-01,1379.0
Zonguldak,2017-01-01,1424.1
Zonguldak,2017-04-01,1503.0
Zonguldak,2017-07-01,1560.6
Zonguldak,2017-10-01,1695.5
Zonguldak,2018-01-01,1693.4
Zonguldak,2018-04-01,1725.6
Zonguldak,2018-07-01,1839.3
Zonguldak,2018-10-01,1720.7
Zonguldak,2019-01-01,1786.0
Zonguldak,2019-04-01,1800.0
Zonguldak,2019-07-01,2027.5
Zonguldak,2019-10-01,2123.0
Zonguldak,2020-01-01,2264.0
Zonguldak,2020-04-01,2563.0
Zonguldak,2020-07-01,2593.0
Zonguldak,2020-10-01,2727.0
Zonguldak,2021-01-01,2749.5
Zonguldak,2021-04-01,2851.0
Zonguldak,2021-07-01,3283.0
Zonguldak,2021-10-01,3795.0
Zonguldak,2022-01-01,4679.0
Zonguldak,2022-04-01,6333.0
Zonguldak,2022-07-01,8407.0
Zonguldak,2022-10-01,10353.5
Zonguldak,2023-01-01,14103.0
Zonguldak,2023-04-01,15669.5
Zonguldak,2023-07-01,18500.0
Zonguldak,2023-10-01,22051.5
Zonguldak,2024-01-01,23913.0
Zonguldak,2024-04-01,24476.0
Zonguldak,2024-07-01,25962.0
Zonguldak,2024-10-01,28736.0
Zonguldak,2025-01-01,29878.0
Zonguldak,2025-04-01,32609.0
Zonguldak,2025-07-01,33846.0
Zonguldak,2025-10-01,35902.0
Zonguldak,2026-01-01,38413.5
Zonguldak,2026-04-01,41068.5
Çanakkale,2013-01-01,1000.0
Çanakkale,2013-04-01,1000.0
Çanakkale,2013-07-01,1053.5
Çanakkale,2013-10-01,1075.0
Çanakkale,2014-01-01,1111.0
Çanakkale,2014-04-01,1138.0
Çanakkale,2014-07-01,1170.0
Çanakkale,2014-10-01,1222.0
Çanakkale,2015-01-01,1295.0
Çanakkale,2015-04-01,1324.0
Çanakkale,2015-07-01,1379.0
Çanakkale,2015-10-01,1500.0
Çanakkale,2016-01-01,1563.0
Çanakkale,2016-04-01,1689.0
Çanakkale,2016-07-01,1779.5
Çanakkale,2016-10-01,1875.0
Çanakkale,2017-01-01,1941.0
Çanakkale,2017-04-01,2022.5
Çanakkale,2017-07-01,2118.5
Çanakkale,2017-10-01,2159.0
Çanakkale,2018-01-01,2273.0
Çanakkale,2018-04-01,2315.0
Çanakkale,2018-07-01,2385.0
Çanakkale,2018-10-01,2225.0
Çanakkale,2019-01-01,2305.5
Çanakkale,2019-04-01,2264.0
Çanakkale,2019-07-01,2500.0
Çanakkale,2019-10-01,2500.0
Çanakkale,2020-01-01,2679.0
Çanakkale,2020-04-01,2951.0
Çanakkale,2020-07-01,3088.0
Çanakkale,2020-10-01,3100.0
Çanakkale,2021-01-01,3214.0
Çanakkale,2021-04-01,3696.5
Çanakkale,2021-07-01,4250.0
Çanakkale,2021-10-01,5000.0
Çanakkale,2022-01-01,6878.5
Çanakkale,2022-04-01,9340.0
Çanakkale,2022-07-01,11905.0
Çanakkale,2022-10-01,14286.0
Çanakkale,2023-01-01,17857.0
Çanakkale,2023-04-01,20000.0
Çanakkale,2023-07-01,23026.0
Çanakkale,2023-10-01,26073.5
Çanakkale,2024-01-01,28750.0
Çanakkale,2024-04-01,29703.0
Çanakkale,2024-07-01,33333.0
Çanakkale,2024-10-01,35714.0
Çanakkale,2025-01-01,40070.0
Çanakkale,2025-04-01,41950.5
Çanakkale,2025-07-01,44595.0
Çanakkale,2025-10-01,47332.5
Çanakkale,2026-01-01,49164.5
Çanakkale,2026-04-01,52756.0
Çankırı,2014-01-01,957.0
Çankırı,2014-04-01,1000.0
Çankırı,2014-07-01,1000.0
Çankırı,2014-10-01,1022.0
Çankırı,2015-01-01,1017.5
Çankırı,2015-04-01,1045.0
Çankırı,2015-07-01,1082.0
Çankırı,2015-10-01,1048.0
Çankırı,2016-01-01,1091.0
Çankırı,2016-04-01,1111.0
Çankırı,2016-07-01,1087.0
Çankırı,2016-10-01,1121.0
Çankırı,2017-01-01,1150.0
Çankırı,2017-04-01,1129.0
Çankırı,2017-07-01,1190.0
Çankırı,2017-10-01,1199.5
Çankırı,2018-01-01,1271.5
Çankırı,2018-04-01,1302.0
Çankırı,2018-07-01,1267.0
Çankırı,2018-10-01,1326.0
Çankırı,2019-01-01,1288.0
Çankırı,2019-04-01,1449.5
Çankırı,2019-07-01,1408.0
Çankırı,2019-10-01,1481.0
Çankırı,2020-01-01,1637.0
Çankırı,2020-04-01,1718.0
Çankırı,2020-07-01,1696.0
Çankırı,2020-10-01,1949.5
Çankırı,2021-01-01,1987.5
Çankırı,2021-04-01,2099.0
Çankırı,2021-07-01,2381.0
Çankırı,2021-10-01,2899.0
Çankırı,2022-01-01,3863.5
Çankırı,2022-04-01,5182.0
Çankırı,2022-07-01,6127.0
Çankırı,2022-10-01,7576.0
Çankırı,2023-01-01,10182.0
Çankırı,2023-04-01,12148.0
Çankırı,2023-07-01,13636.0
Çankırı,2023-10-01,14545.0
Çankırı,2024-01-01,16892.0
Çankırı,2024-04-01,18947.0
Çankırı,2024-07-01,19623.0
Çankırı,2024-10-01,22568.5
Çankırı,2025-01-01,22962.0
Çankırı,2025-04-01,23828.0
Çankırı,2025-07-01,26489.0
Çankırı,2025-10-01,28474.5
Çankırı,2026-01-01,28696.0
Çankırı,2026-04-01,31128.0
Çorum,2013-01-01,773.0
Çorum,2013-04-01,788.0
Çorum,2013-07-01,813.0
Çorum,2013-10-01,816.0
Çorum,2014-01-01,846.0
Çorum,2014-04-01,870.0
Çorum,2014-07-01,917.0
Çorum,2014-10-01,916.0
Çorum,2015-01-01,948.0
Çorum,2015-04-01,1000.0
Çorum,2015-07-01,1022.0
Çorum,2015-10-01,1000.0
Çorum,2016-01-01,1053.0
Çorum,2016-04-01,1094.0
Çorum,2016-07-01,1133.0
Çorum,2016-10-01,1136.0
Çorum,2017-01-01,1192.5
Çorum,2017-04-01,1212.0
Çorum,2017-07-01,1238.0
Çorum,2017-10-01,1269.5
Çorum,2018-01-01,1333.0
Çorum,2018-04-01,1392.0
Çorum,2018-07-01,1375.0
Çorum,2018-10-01,1400.0
Çorum,2019-01-01,1494.0
Çorum,2019-04-01,1522.0
Çorum,2019-07-01,1572.5
Çorum,2019-10-01,1581.0
Çorum,2020-01-01,1739.0
Çorum,2020-04-01,1981.0
Çorum,2020-07-01,2080.5
Çorum,2020-10-01,2059.0
Çorum,2021-01-01,2167.5
Çorum,2021-04-01,2347.5
Çorum,2021-07-01,2583.0
Çorum,2021-10-01,3000.0
Çorum,2022-01-01,3703.0
Çorum,2022-04-01,5000.0
Çorum,2022-07-01,6202.0
Çorum,2022-10-01,7020.0
Çorum,2023-01-01,9195.0
Çorum,2023-04-01,10595.0
Çorum,2023-07-01,12359.5
Çorum,2023-10-01,14602.0
Çorum,2024-01-01,15873.0
Çorum,2024-04-01,17607.0
Çorum,2024-07-01,19643.0
Çorum,2024-10-01,20105.5
Çorum,2025-01-01,22472.0
Çorum,2025-04-01,23228.0
Çorum,2025-07-01,25581.0
Çorum,2025-10-01,27229.0
Çorum,2026-01-01,28951.0
Çorum,2026-04-01,31341.0
İstanbul,2013-01-01,2287.9
İstanbul,2013-04-01,2409.5
İstanbul,2013-07-01,2523.5
İstanbul,2013-10-01,2711.3
İstanbul,2014-01-01,2766.5
İstanbul,2014-04-01,2915.6
İstanbul,2014-07-01,3199.0
İstanbul,2014-10-01,3398.5
İstanbul,2015-01-01,3634.5
İstanbul,2015-04-01,3870.8
İstanbul,2015-07-01,3995.5
İstanbul,2015-10-01,4343.3
İstanbul,2016-01-01,4347.2
İstanbul,2016-04-01,4581.7
İstanbul,2016-07-01,4872.3
İstanbul,2016-10-01,4887.7
İstanbul,2017-01-01,4956.2
İstanbul,2017-04-01,5212.8
İstanbul,2017-07-01,5200.8
İstanbul,2017-10-01,5210.4
İstanbul,2018-01-01,5187.1
İstanbul,2018-04-01,5202.3
İstanbul,2018-07-01,5241.4
İstanbul,2018-10-01,5464.1
İstanbul,2019-01-01,5083.9
İstanbul,2019-04-01,5005.9
İstanbul,2019-07-01,5003.9
İstanbul,2019-10-01,5231.3
İstanbul,2020-01-01,5419.2
İstanbul,2020-04-01,5722.6
İstanbul,2020-07-01,6073.4
İstanbul,2020-10-01,6760.0
İstanbul,2021-01-01,6893.9
İstanbul,2021-04-01,7324.4
İstanbul,2021-07-01,7860.7
İstanbul,2021-10-01,9916.9
İstanbul,2022-01-01,14714.6
İstanbul,2022-04-01,20873.7
İstanbul,2022-07-01,26056.6
İstanbul,2022-10-01,28490.1
İstanbul,2023-01-01,34243.9
İstanbul,2023-04-01,38869.1
İstanbul,2023-07-01,45308.8
İstanbul,2023-10-01,48897.8
İstanbul,2024-01-01,47465.7
İstanbul,2024-04-01,49000.1
İstanbul,2024-07-01,51972.7
İstanbul,2024-10-01,55502.9
İstanbul,2025-01-01,60925.3
İstanbul,2025-04-01,63125.0
İstanbul,2025-07-01,68722.3
İstanbul,2025-10-01,74100.7
İstanbul,2026-01-01,79305.8
İstanbul,2026-04-01,87301.0
İzmir,2013-01-01,1357.2
İzmir,2013-04-01,1411.1
İzmir,2013-07-01,1462.6
İzmir,2013-10-01,1502.6
İzmir,2014-01-01,1548.6
İzmir,2014-04-01,1597.0
İzmir,2014-07-01,1670.1
İzmir,2014-10-01,1708.9
İzmir,2015-01-01,1777.8
İzmir,2015-04-01,1857.6
İzmir,2015-07-01,1982.4
İzmir,2015-10-01,1995.1
İzmir,2016-01-01,2060.2
İzmir,2016-04-01,2184.6
İzmir,2016-07-01,2257.2
İzmir,2016-10-01,2340.4
İzmir,2017-01-01,2478.1
İzmir,2017-04-01,2558.5
İzmir,2017-07-01,2692.7
İzmir,2017-10-01,2782.2
İzmir,2018-01-01,2949.0
İzmir,2018-04-01,3071.4
İzmir,2018-07-01,3164.8
İzmir,2018-10-01,3212.8
İzmir,2019-01-01,3014.2
İzmir,2019-04-01,3064.3
İzmir,2019-07-01,3240.9
İzmir,2019-10-01,3321.2
İzmir,2020-01-01,3498.7
İzmir,2020-04-01,3815.7
İzmir,2020-07-01,4085.8
İzmir,2020-10-01,4304.8
İzmir,2021-01-01,4728.8
İzmir,2021-04-01,5016.4
İzmir,2021-07-01,5622.5
İzmir,2021-10-01,6456.3
İzmir,2022-01-01,9035.7
İzmir,2022-04-01,12451.8
İzmir,2022-07-01,15735.6
İzmir,2022-10-01,19089.7
İzmir,2023-01-01,22961.2
İzmir,2023-04-01,25977.3
İzmir,2023-07-01,30095.5
İzmir,2023-10-01,33831.4
İzmir,2024-01-01,33903.2
İzmir,2024-04-01,36796.2
İzmir,2024-07-01,38176.3
İzmir,2024-10-01,40595.1
İzmir,2025-01-01,41764.7
İzmir,2025-04-01,43970.4
İzmir,2025-07-01,47050.5
İzmir,2025-10-01,49543.6
İzmir,2026-01-01,52456.3
İzmir,2026-04-01,56481.6
Şanlıurfa,2013-01-01,1056.0
Şanlıurfa,2013-04-01,1077.5
Şanlıurfa,2013-07-01,1076.0
Şanlıurfa,2013-10-01,1068.0
Şanlıurfa,2014-01-01,1084.0
Şanlıurfa,2014-04-01,1074.0
Şanlıurfa,2014-07-01,1083.0
Şanlıurfa,2014-10-01,1091.5
Şanlıurfa,2015-01-01,1124.3
Şanlıurfa,2015-04-01,1131.1
Şanlıurfa,2015-07-01,1153.3
Şanlıurfa,2015-10-01,1124.8
Şanlıurfa,2016-01-01,1161.4
Şanlıurfa,2016-04-01,1155.8
Şanlıurfa,2016-07-01,1156.6
Şanlıurfa,2016-10-01,1201.4
Şanlıurfa,2017-01-01,1192.9
Şanlıurfa,2017-04-01,1181.7
Şanlıurfa,2017-07-01,1166.9
Şanlıurfa,2017-10-01,1215.1
Şanlıurfa,2018-01-01,1200.9
Şanlıurfa,2018-04-01,1217.5
Şanlıurfa,2018-07-01,1230.6
Şanlıurfa,2018-10-01,1265.6
Şanlıurfa,2019-01-01,1242.5
Şanlıurfa,2019-04-01,1281.9
Şanlıurfa,2019-07-01,1317.5
Şanlıurfa,2019-10-01,1333.4
Şanlıurfa,2020-01-01,1411.2
Şanlıurfa,2020-04-01,1565.6
Şanlıurfa,2020-07-01,1662.8
Şanlıurfa,2020-10-01,1882.8
Şanlıurfa,2021-01-01,2028.4
Şanlıurfa,2021-04-01,2183.8
Şanlıurfa,2021-07-01,2521.2
Şanlıurfa,2021-10-01,3085.3
Şanlıurfa,2022-01-01,4330.6
Şanlıurfa,2022-04-01,5850.3
Şanlıurfa,2022-07-01,6955.4
Şanlıurfa,2022-10-01,7802.4
Şanlıurfa,2023-01-01,8939.8
Şanlıurfa,2023-04-01,10519.0
Şanlıurfa,2023-07-01,12829.9
Şanlıurfa,2023-10-01,14290.0
Şanlıurfa,2024-01-01,15692.0
Şanlıurfa,2024-04-01,15799.0
Şanlıurfa,2024-07-01,16994.3
Şanlıurfa,2024-10-01,18331.9
Şanlıurfa,2025-01-01,20140.3
Şanlıurfa,2025-04-01,20995.5
Şanlıurfa,2025-07-01,22201.6
Şanlıurfa,2025-10-01,23695.8
Şanlıurfa,2026-01-01,25447.8
Şanlıurfa,2026-04-01,25070.1
Şırnak,2022-01-01,2739.0
Şırnak,2022-04-01,3236.0
Şırnak,2022-07-01,4417.0
Şırnak,2022-10-01,5743.0
Şırnak,2023-01-01,6724.0
Şırnak,2023-04-01,8611.0
Şırnak,2023-07-01,11594.0
Şırnak,2023-10-01,11765.0
Şırnak,2024-01-01,12692.0
Şırnak,2024-04-01,15000.0
Şırnak,2024-07-01,16279.0
Şırnak,2024-10-01,18519.0
Şırnak,2025-01-01,18137.0
Şırnak,2025-04-01,20180.5
Şırnak,2025-07-01,22176.0
Şırnak,2025-10-01,22500.0
Şırnak,2026-01-01,23696.0
Şırnak,2026-04-01,24324.0
